timestamp,error_x,error_y,integral_x,integral_y,vx,vy,drone_x,drone_y,tag_x,tag_y
30.5015,0.108751,-0.16374,0.108751,-0.16374,-0.163126,0.24561,1.22272,-1.09027,1.11397,-0.926526
30.5215,0.106692,-0.161823,0.215443,-0.325563,-0.160038,0.242734,1.22066,-1.08835,1.11397,-0.926526
30.5415,0.104062,-0.161276,0.319505,-0.486839,-0.156093,0.241914,1.2186,-1.08642,1.11453,-0.925145
30.5615,0.101038,-0.158347,0.420542,-0.645187,-0.151556,0.237521,1.21557,-1.08349,1.11453,-0.925145
30.5815,0.0886746,-0.151491,0.509217,-0.796677,-0.133012,0.227236,1.21356,-1.08153,1.12488,-0.93004
30.6015,0.044978,-0.147225,0.554195,-0.943902,-0.067467,0.220837,1.20969,-1.07804,1.16471,-0.930812
30.6218,0.0421097,-0.144726,0.596305,-1.08863,-0.0631645,0.21709,1.20682,-1.07554,1.16471,-0.930812
30.6415,0.0453088,-0.150921,0.641613,-1.23955,-0.0679632,0.226381,1.20243,-1.07181,1.15712,-0.920891
30.6615,0.0422742,-0.148454,0.683888,-1.388,-0.0634113,0.22268,1.1994,-1.06934,1.15712,-0.920891
30.6815,0.0637239,-0.153621,0.747612,-1.54162,-0.0955858,0.230432,1.19459,-1.06571,1.13087,-0.912085
30.7015,0.0349044,-0.16454,0.782516,-1.70616,-0.0523566,0.246811,1.19118,-1.06335,1.15627,-0.898811
30.7215,0.0299586,-0.162771,0.812475,-1.86894,-0.0449379,0.244157,1.18623,-1.06158,1.15627,-0.898811
30.7415,0.039767,-0.161765,0.852242,-2.0307,-0.0596505,0.242648,1.18338,-1.06261,1.14361,-0.900844
30.7615,0.0349643,-0.163268,0.887206,-2.19397,-0.0524464,0.244902,1.17857,-1.06411,1.14361,-0.900844
30.7815,0.031397,-0.164291,0.918603,-2.35826,-0.0470956,0.246436,1.17501,-1.06513,1.14361,-0.900844
30.8015,0.0575715,-0.147807,0.976174,-2.50607,-0.0863573,0.221711,1.16909,-1.06678,1.11152,-0.918973
30.8215,0.0532543,-0.149016,1.02943,-2.65508,-0.0798815,0.223525,1.16478,-1.06799,1.11152,-0.918973
30.8419,0.0599115,-0.136002,1.08934,-2.79108,-0.0898672,0.204003,1.15987,-1.07221,1.09996,-0.936209
30.8615,0.0540124,-0.115587,1.14335,-2.90667,-0.0810186,0.173381,1.159,-1.07796,1.10499,-0.962375
30.8815,0.0519755,-0.124258,1.19533,-3,-0.0779632,0.186387,1.15697,-1.08663,1.10499,-0.962375
30.9015,0.0492228,-0.101201,1.24455,-3,-0.0738342,0.151801,1.15515,-1.09247,1.10593,-0.991268
30.9215,0.045866,-0.110071,1.29042,-3,-0.068799,0.165107,1.1518,-1.10134,1.10593,-0.991268
30.9415,0.0366315,-0.092729,1.32705,-3,-0.0549472,0.139094,1.14915,-1.10735,1.11252,-1.01462
30.9615,0.0321011,-0.101915,1.35915,-3,-0.0481517,0.152873,1.14462,-1.11654,1.11252,-1.01462
30.9815,0.0241955,-0.100149,1.38335,-3,-0.0362932,0.150224,1.14858,-1.12765,1.12438,-1.0275
31.0015,0.0291831,-0.11667,1.41253,-3,-0.0437746,0.175005,1.15356,-1.14417,1.12438,-1.0275
31.0215,0.03192,-0.127604,1.44445,-3,-0.04788,0.191407,1.1563,-1.1551,1.12438,-1.0275
31.0415,0.0352071,-0.143896,1.47966,-3,-0.0528106,0.215845,1.15959,-1.17139,1.12438,-1.0275
31.0615,0.0368916,-0.154682,1.51655,-3,-0.0553374,0.232023,1.16127,-1.18218,1.12438,-1.0275
31.0815,0.0387568,-0.170735,1.5553,-3,-0.0581352,0.256102,1.16314,-1.19823,1.12438,-1.0275
31.1015,-0.0185844,-0.0750218,1.53672,-3,0.0278766,0.112533,1.16322,-1.20859,1.18181,-1.13357
31.1215,-0.0200806,-0.0901003,1.51664,-3,0.0301209,0.135151,1.16173,-1.22367,1.18181,-1.13357
31.1415,-0.0212647,-0.10001,1.49537,-3,0.031897,0.150015,1.16054,-1.23357,1.18181,-1.13357
31.1615,-0.0232426,-0.114572,1.47213,-3,0.0348639,0.171859,1.15856,-1.24814,1.18181,-1.13357
31.1815,-0.0495429,-0.0939343,1.42259,-3,0.0743144,0.140902,1.15712,-1.25765,1.20666,-1.16372
31.2015,-0.0406438,-0.0694128,1.38194,-3,0.0609657,0.104119,1.15484,-1.27156,1.19548,-1.20215
31.2215,-0.0428356,-0.0780048,1.33911,-3,0.0642534,0.117007,1.15265,-1.28015,1.19548,-1.20215
31.2415,-0.104148,-0.126678,1.23496,-3,0.156223,0.190017,1.14853,-1.292,1.25268,-1.16532
31.2615,-0.106707,-0.134204,1.12825,-3,0.160061,0.201306,1.14597,-1.29953,1.25268,-1.16532
31.2815,-0.097424,-0.119686,1.03083,-3,0.146136,0.179529,1.14245,-1.31017,1.23988,-1.19049
31.3015,-0.0995352,-0.126332,0.931294,-3,0.149303,0.189497,1.14034,-1.31682,1.23988,-1.19049
31.3215,-0.102434,-0.135764,0.82886,-3,0.153651,0.203646,1.13744,-1.32625,1.23988,-1.19049
31.3415,-0.104148,-0.141631,0.724712,-3,0.156222,0.212446,1.13573,-1.33212,1.23988,-1.19049
31.3615,-0.10883,-0.148185,0.615882,-3,0.163245,0.222277,1.13105,-1.33867,1.23988,-1.19049
31.3815,-0.162371,-0.127979,0.453511,-3,0.243557,0.191969,1.12963,-1.34068,1.292,-1.2127
31.4015,-0.175115,-0.130246,0.278396,-3,0.262672,0.195369,1.12462,-1.34783,1.29973,-1.21758
31.4215,-0.177235,-0.133272,0.101161,-3,0.265853,0.199908,1.1225,-1.35085,1.29973,-1.21758
31.4415,-0.207824,-0.126722,-0.106663,-3,0.311736,0.190083,1.11977,-1.35469,1.32759,-1.22797
31.4615,-0.209311,-0.128751,-0.315974,-3,0.313966,0.193127,1.11828,-1.35672,1.32759,-1.22797
31.4815,-0.199657,-0.112584,-0.51563,-3,0.299485,0.168876,1.1327,-1.34342,1.33236,-1.23083
31.5015,-0.19021,-0.10365,-0.70584,-3,0.285314,0.155474,1.14215,-1.33448,1.33236,-1.23083
31.5215,-0.176296,-0.0902488,-0.882135,-3,0.264443,0.135373,1.15607,-1.32108,1.33236,-1.23083
31.5415,-0.235646,-0.0875428,-1.11778,-3,0.353468,0.131314,1.16516,-1.31222,1.40081,-1.22468
31.5615,-0.222145,-0.0740911,-1.33993,-3,0.333218,0.111137,1.17866,-1.29877,1.40081,-1.22468
31.5815,-0.253412,-0.0814182,-1.59334,-3,0.380118,0.122127,1.18313,-1.29424,1.43654,-1.21282
31.6015,-0.277553,-0.0682928,-1.87089,-3,0.41633,0.102439,1.2058,-1.26941,1.48335,-1.20112
31.6215,-0.26395,-0.0527017,-2.13484,-3,0.395924,0.0790526,1.2194,-1.25382,1.48335,-1.20112
31.6415,-0.276864,-0.0234504,-2.41171,-3,0.415296,0.0351756,1.23951,-1.23063,1.51638,-1.20718
31.6615,-0.283408,-0.015526,-2.69511,-3,0.425113,0.023289,1.25275,-1.2153,1.53615,-1.19978
31.6816,-0.263855,0.00714787,-2.95897,-2.99285,0.395782,-0.0107218,1.2723,-1.19263,1.53615,-1.19978
31.7015,-0.291299,-0.00842305,-3,-3,0.436948,0.0126346,1.27875,-1.18513,1.57005,-1.1767
31.7216,-0.272114,0.0138979,-3,-2.9861,0.408171,-0.0208469,1.29794,-1.16281,1.57005,-1.1767
31.7415,-0.292206,0.037016,-3,-2.94909,0.438309,-0.0555239,1.31071,-1.1423,1.60291,-1.17931
31.7616,-0.273185,0.0670724,-3,-2.88201,0.409777,-0.100609,1.32973,-1.11224,1.60291,-1.17931
31.7815,-0.287176,0.0713133,-3,-2.8107,0.430764,-0.10697,1.34232,-1.09262,1.62949,-1.16393
31.8015,-0.268439,0.100118,-3,-2.71058,0.402658,-0.150177,1.36106,-1.06382,1.62949,-1.16393
31.8215,-0.256128,0.118738,-3,-2.59184,0.384192,-0.178107,1.37337,-1.0452,1.62949,-1.16393
31.8415,-0.291809,0.120747,-3,-2.4711,0.437713,-0.181121,1.39167,-1.01791,1.68348,-1.13865
31.8615,-0.283854,0.141326,-3,-2.32977,0.425781,-0.211989,1.39962,-0.997327,1.68348,-1.13865
31.8815,-0.302158,0.137691,-3,-2.19208,0.453237,-0.206537,1.41171,-0.967381,1.71387,-1.10507
31.9015,-0.30191,0.17123,-3,-2.02085,0.452865,-0.256845,1.41982,-0.948089,1.72173,-1.11932
31.9215,-0.289641,0.199319,-3,-1.82153,0.434461,-0.298978,1.43209,-0.92,1.72173,-1.11932
31.9415,-0.313625,0.17772,-3,-1.64381,0.470438,-0.26658,1.44032,-0.90185,1.75394,-1.07957
31.9615,-0.309112,0.198288,-3,-1.44552,0.463668,-0.297432,1.4526,-0.875738,1.76171,-1.07403
31.9815,-0.302927,0.215346,-3,-1.23018,0.45439,-0.323019,1.45878,-0.85868,1.76171,-1.07403
32.0015,-0.309827,0.245842,-3,-0.984336,0.46474,-0.368762,1.46528,-0.833653,1.7751,-1.07949
32.0215,-0.305324,0.261901,-3,-0.722435,0.457986,-0.392852,1.46978,-0.817594,1.7751,-1.07949
32.0418,-0.310708,0.24673,-3,-0.475705,0.466061,-0.370095,1.47678,-0.794509,1.78749,-1.04124
32.0615,-0.321747,0.25109,-3,-0.224615,0.482621,-0.376636,1.48159,-0.779762,1.80334,-1.03085
32.0815,-0.314354,0.272229,-3,0.0476146,0.471532,-0.408344,1.48898,-0.758624,1.80334,-1.03085
32.1015,-0.309313,0.285663,-3,0.333277,0.46397,-0.428494,1.49402,-0.74519,1.80334,-1.03085
32.1215,-0.309742,0.301801,-3,0.635078,0.464612,-0.452701,1.49359,-0.729052,1.80334,-1.03085
32.1415,-0.331381,0.286781,-3,0.921858,0.497072,-0.430171,1.49366,-0.71886,1.82504,-1.00564
32.1615,-0.345022,0.299594,-3,1.22145,0.517532,-0.449391,1.49424,-0.704425,1.83926,-1.00402
32.1815,-0.344381,0.308582,-3,1.53003,0.516572,-0.462872,1.49488,-0.695438,1.83926,-1.00402
32.2015,-0.348383,0.315897,-3,1.84593,0.522575,-0.473845,1.49627,-0.682807,1.84466,-0.998704
32.2216,-0.347184,0.323753,-3,2.16968,0.520776,-0.48563,1.49747,-0.67495,1.84466,-0.998704
32.2415,-0.359949,0.324082,-3,2.49377,0.539923,-0.486124,1.49154,-0.667704,1.85149,-0.991787
32.2616,-0.354382,0.315726,-3,2.80949,0.531573,-0.473589,1.48806,-0.663342,1.84245,-0.979068
32.2815,-0.35889,0.321583,-3,3,0.538335,-0.482374,1.48356,-0.657485,1.84245,-0.979068
32.3015,-0.36147,0.319284,-3,3,0.542205,-0.478925,1.481,-0.654037,1.84247,-0.97332
32.3215,-0.364703,0.323681,-3,3,0.547055,-0.485521,1.47777,-0.64964,1.84247,-0.97332
32.3415,-0.368813,0.319323,-3,3,0.55322,-0.478985,1.47601,-0.647187,1.84482,-0.96651
32.3615,-0.370051,0.315762,-3,3,0.555076,-0.473644,1.4673,-0.647831,1.83735,-0.963594
32.3815,-0.377428,0.313807,-3,3,0.566141,-0.470711,1.45993,-0.649786,1.83735,-0.963594
32.4015,-0.389008,0.31034,-3,3,0.583512,-0.465511,1.44988,-0.653141,1.83889,-0.963481
32.4215,-0.395055,0.307806,-3,3,0.592582,-0.461709,1.44384,-0.655675,1.83889,-0.963481
32.4415,-0.388849,0.298435,-3,3,0.583274,-0.447652,1.4357,-0.659925,1.82455,-0.95836
32.4615,-0.390448,0.292951,-3,3,0.585673,-0.439426,1.43086,-0.663038,1.82131,-0.955989
32.4815,-0.402375,0.284163,-3,3,0.603562,-0.426245,1.41893,-0.671826,1.82131,-0.955989
32.5015,-0.386732,0.282509,-3,3,0.580099,-0.423763,1.40989,-0.679075,1.79662,-0.961584
32.5215,-0.399108,0.27145,-3,3,0.598662,-0.407174,1.39751,-0.690134,1.79662,-0.961584
32.5415,-0.406613,0.263947,-3,3,0.60992,-0.395921,1.39001,-0.697636,1.79662,-0.961584
32.5615,-0.380402,0.269445,-3,3,0.570603,-0.404167,1.3798,-0.709086,1.76021,-0.978531
32.5815,-0.386531,0.261685,-3,3,0.579797,-0.392527,1.37367,-0.716846,1.76021,-0.978531
32.6015,-0.395745,0.24224,-3,3,0.593617,-0.363361,1.36357,-0.730458,1.75932,-0.972699
32.6215,-0.404291,0.23076,-3,3,0.606436,-0.34614,1.35503,-0.741939,1.75932,-0.972699
32.6415,-0.415987,0.213571,-3,3,0.623981,-0.320357,1.34333,-0.759127,1.75932,-0.972699
32.6615,-0.423078,0.202132,-3,3,0.634616,-0.303198,1.33624,-0.770567,1.75932,-0.972699
32.6815,-0.399083,0.206273,-3,3,0.598625,-0.309409,1.32662,-0.787692,1.72571,-0.993965
32.7015,-0.394418,0.203033,-3,3,0.591627,-0.304549,1.32368,-0.793389,1.7181,-0.996421
32.7216,-0.39991,0.191659,-3,3,0.599865,-0.287489,1.31819,-0.804762,1.7181,-0.996421
32.7415,-0.389628,0.177395,-3,3,0.584443,-0.266093,1.3087,-0.823206,1.69833,-1.0006
32.7615,-0.387577,0.152027,-3,3,0.581365,-0.22804,1.30019,-0.837305,1.68777,-0.989331
32.7816,-0.39918,0.131137,-3,3,0.59877,-0.196706,1.28859,-0.858194,1.68777,-0.989331
32.8015,-0.390022,0.145763,-3,3,0.585033,-0.218644,1.2816,-0.871944,1.67162,-1.01771
32.8217,-0.399467,0.125424,-3,3,0.599201,-0.188136,1.27215,-0.892283,1.67162,-1.01771
32.8415,-0.386522,0.118325,-3,3,0.579783,-0.177488,1.26654,-0.905657,1.65306,-1.02398
32.8615,-0.375326,0.0983344,-3,3,0.562989,-0.147502,1.25788,-0.925955,1.63321,-1.02429
32.8815,-0.382024,0.0843302,-3,3,0.573036,-0.126495,1.25118,-0.939959,1.63321,-1.02429
32.9015,-0.366554,0.0789314,-3,3,0.54983,-0.118397,1.24217,-0.960602,1.60873,-1.03953
32.9216,-0.374369,0.0587172,-3,3,0.561553,-0.0880758,1.23436,-0.980817,1.60873,-1.03953
32.9415,-0.368455,0.0545284,-3,3,0.552682,-0.0817926,1.22978,-0.994042,1.59823,-1.04857
32.9615,-0.361087,0.0355863,-3,3,0.541631,-0.0533795,1.22568,-1.00706,1.58677,-1.04265
32.9816,-0.366358,0.0164493,-3,3,0.549538,-0.0246739,1.22041,-1.0262,1.58677,-1.04265
33.0015,-0.357458,0.0113103,-3,3,0.536186,-0.0169654,1.21616,-1.0372,1.57361,-1.04851
33.0215,-0.363012,-0.00493821,-3,2.99506,0.544518,0.00740731,1.2106,-1.05345,1.57361,-1.04851
33.0415,-0.366171,-0.0155764,-3,2.97949,0.549257,0.0233647,1.20744,-1.06409,1.57361,-1.04851
33.0615,-0.339274,-0.0211154,-3,2.95837,0.508911,0.0316732,1.2035,-1.07971,1.54278,-1.0586
33.0819,-0.341389,-0.0313051,-3,2.92706,0.512084,0.0469576,1.20139,-1.0899,1.54278,-1.0586
33.1015,-0.343848,-0.0462342,-3,2.88083,0.515772,0.0693512,1.19893,-1.10483,1.54278,-1.0586
33.1216,-0.346111,-0.0553669,-3,2.82546,0.519167,0.0830503,1.19667,-1.11397,1.54278,-1.0586
33.1415,-0.319472,-0.0720647,-3,2.7534,0.479208,0.108097,1.19246,-1.12648,1.51193,-1.05442
33.1615,-0.312036,-0.0743329,-3,2.67907,0.468053,0.111499,1.1902,-1.13461,1.50224,-1.06028
33.1816,-0.314627,-0.0861777,-3,2.59289,0.471941,0.129267,1.18761,-1.14646,1.50224,-1.06028
33.2015,-0.302584,-0.0943097,-3,2.49858,0.453876,0.141465,1.18639,-1.15411,1.48897,-1.0598
33.2216,-0.303714,-0.105419,-3,2.39316,0.455572,0.158129,1.18526,-1.16522,1.48897,-1.0598
33.2416,-0.304741,-0.112121,-3,2.28104,0.457111,0.168181,1.18423,-1.17192,1.48897,-1.0598
33.2615,-0.278558,-0.114061,-3,2.16698,0.417838,0.171091,1.18235,-1.18093,1.4609,-1.06687
33.2816,-0.279332,-0.119817,-3,2.04716,0.418998,0.179725,1.18157,-1.18668,1.4609,-1.06687
33.3016,-0.26799,-0.128693,-3,1.91847,0.401986,0.193039,1.18108,-1.19494,1.44907,-1.06624
33.3216,-0.267731,-0.136475,-3,1.78199,0.401597,0.204713,1.18134,-1.20272,1.44907,-1.06624
33.3416,-0.261916,-0.150166,-3,1.63183,0.392873,0.225248,1.18192,-1.20764,1.44383,-1.05748
33.3616,-0.24481,-0.149239,-3,1.48259,0.367214,0.223858,1.1828,-1.21235,1.42761,-1.06311
33.3816,-0.246023,-0.155616,-3,1.32697,0.369034,0.233424,1.18158,-1.21873,1.42761,-1.06311
33.4015,-0.233791,-0.160211,-3,1.16676,0.350687,0.240316,1.18122,-1.22271,1.41501,-1.0625
33.4216,-0.233708,-0.165781,-3,1.00098,0.350562,0.248672,1.18131,-1.22828,1.41501,-1.0625
33.4416,-0.23326,-0.169228,-3,0.831753,0.349891,0.253843,1.18175,-1.23173,1.41501,-1.0625
33.4615,-0.208085,-0.175522,-3,0.656231,0.312128,0.263283,1.18298,-1.23649,1.39106,-1.06097
33.4816,-0.20693,-0.178437,-3,0.477794,0.310395,0.267656,1.18413,-1.23941,1.39106,-1.06097
33.5015,-0.191061,-0.179993,-3,0.2978,0.286592,0.26999,1.18547,-1.24269,1.37654,-1.0627
33.5218,-0.180754,-0.185179,-3,0.112622,0.271131,0.277768,1.18741,-1.24552,1.36816,-1.06034
33.5416,-0.179157,-0.186813,-3,-0.0741915,0.268735,0.28022,1.18901,-1.24715,1.36816,-1.06034
33.5615,-0.168257,-0.190639,-3,-0.26483,0.252386,0.285958,1.19083,-1.24859,1.35909,-1.05795
33.5815,-0.165115,-0.192431,-3,-0.457261,0.247672,0.288646,1.19398,-1.25038,1.35909,-1.05795
33.6015,-0.151268,-0.187856,-3,-0.645117,0.226902,0.281784,1.19632,-1.25134,1.34759,-1.06348
33.6215,-0.147195,-0.1879,-3,-0.833017,0.220793,0.28185,1.20039,-1.25138,1.34759,-1.06348
33.6416,-0.144205,-0.187384,-3,-1.0204,0.216308,0.281076,1.20338,-1.25087,1.34759,-1.06348
33.6615,-0.121299,-0.186838,-3,-1.20724,0.181948,0.280257,1.20814,-1.2498,1.32944,-1.06296
33.6816,-0.117959,-0.185935,-3,-1.39317,0.176939,0.278902,1.21148,-1.24889,1.32944,-1.06296
33.7017,-0.107803,-0.18982,-3,-1.58299,0.161704,0.284729,1.21671,-1.24727,1.32452,-1.05745
33.7215,-0.104178,-0.188555,-3,-1.77155,0.156267,0.282832,1.22034,-1.246,1.32452,-1.05745
33.7416,-0.088786,-0.183586,-3,-1.95513,0.133179,0.275379,1.22588,-1.24375,1.31466,-1.06016
33.7615,-0.0850877,-0.181794,-3,-2.13693,0.127632,0.272691,1.22958,-1.24196,1.31466,-1.06016
33.7816,-0.0793862,-0.178853,-3,-2.31578,0.119079,0.268279,1.23528,-1.23902,1.31466,-1.06016
33.8018,-0.0699238,-0.180881,-3,-2.49666,0.104886,0.271322,1.23917,-1.23689,1.30909,-1.056
33.8215,-0.0639723,-0.17745,-3,-2.67411,0.0959585,0.266174,1.24512,-1.23345,1.30909,-1.056
33.8415,-0.0516127,-0.175137,-3,-2.84925,0.077419,0.262706,1.24915,-1.23102,1.30076,-1.05588
33.8615,-0.0406965,-0.168158,-3,-3,0.0610447,0.252237,1.25546,-1.22626,1.29615,-1.0581
33.8816,-0.036214,-0.163711,-3,-3,0.054321,0.245566,1.25994,-1.22181,1.29615,-1.0581
33.9019,-0.021803,-0.15396,-3,-3,0.0327046,0.23094,1.26668,-1.21505,1.28848,-1.06109
33.9215,-0.018635,-0.158828,-3,-3,0.0279526,0.238243,1.27118,-1.21049,1.28981,-1.05166
33.9415,-0.0119101,-0.151911,-3,-3,0.0178651,0.227867,1.2779,-1.20357,1.28981,-1.05166
33.9615,-0.00744677,-0.147251,-3,-3,0.0111702,0.220876,1.28237,-1.19891,1.28981,-1.05166
33.9815,-0.000792274,-0.140191,-3,-3,0.00118841,0.210287,1.28902,-1.19185,1.28981,-1.05166
34.0015,0.0138044,-0.134995,-2.9862,-3,-0.0207066,0.202493,1.29207,-1.18586,1.27827,-1.05087
34.0216,0.0184451,-0.126052,-2.96775,-3,-0.0276676,0.189078,1.29671,-1.17692,1.27827,-1.05087
34.0415,0.0233155,-0.138328,-2.94444,-3,-0.0349732,0.207492,1.29983,-1.17098,1.27652,-1.03265
34.0615,0.0323051,-0.124945,-2.91213,-3,-0.0484576,0.187417,1.30453,-1.16212,1.27223,-1.03717
34.0815,0.0354359,-0.119064,-2.87669,-3,-0.0531538,0.178596,1.30766,-1.15624,1.27223,-1.03717
34.1016,0.045708,-0.125176,-2.83099,-3,-0.068562,0.187764,1.31234,-1.14746,1.26663,-1.02229
34.1215,0.0530544,-0.106291,-2.77793,-3,-0.0795816,0.159436,1.3145,-1.14097,1.26145,-1.03468
34.1416,0.0549701,-0.095662,-2.72296,-3,-0.0824551,0.143493,1.31642,-1.13034,1.26145,-1.03468
34.1615,0.0635225,-0.0929794,-2.65944,-3,-0.0952837,0.139469,1.31775,-1.12336,1.25423,-1.03038
34.1815,0.0655788,-0.0826515,-2.59386,-3,-0.0983682,0.123977,1.3198,-1.11303,1.25423,-1.03038
34.2019,0.0669796,-0.0758681,-2.52688,-3,-0.100469,0.113802,1.32121,-1.10625,1.25423,-1.03038
34.2215,0.0691047,-0.0658486,-2.45778,-3,-0.103657,0.0987729,1.32333,-1.09623,1.25423,-1.03038
34.2415,0.0698675,-0.059411,-2.38791,-3,-0.104801,0.0891165,1.32409,-1.08979,1.25423,-1.03038
34.2616,0.0701041,-0.0500867,-2.31781,-3,-0.105156,0.0751301,1.32433,-1.08046,1.25423,-1.03038
34.2816,0.0703163,-0.0439527,-2.24749,-3,-0.105474,0.065929,1.32454,-1.07433,1.25423,-1.03038
34.3016,0.098739,-0.0457794,-2.14875,-3,-0.148108,0.0686692,1.32493,-1.06526,1.22619,-1.01948
34.3215,0.0990277,-0.0398229,-2.04972,-3,-0.148542,0.0597344,1.32521,-1.0593,1.22619,-1.01948
34.3415,0.099495,-0.03103,-1.95023,-3,-0.149243,0.0465451,1.32568,-1.05051,1.22619,-1.01948
34.3618,0.0998358,-0.0252729,-1.85039,-3,-0.149754,0.0379094,1.32602,-1.04475,1.22619,-1.01948
34.3819,0.0974556,-0.0162503,-1.75294,-3,-0.146183,0.0243755,1.32364,-1.03573,1.22619,-1.01948
34.4015,0.115383,-0.0170103,-1.63755,-3,-0.173074,0.0255154,1.32217,-1.02985,1.20678,-1.01283
34.4215,0.113315,-0.00837783,-1.52424,-3,-0.169972,0.0125667,1.3201,-1.02121,1.20678,-1.01283
34.4415,0.123153,-0.0101685,-1.40108,-3,-0.18473,0.0152527,1.31881,-1.01559,1.19565,-1.00542
34.4615,0.129469,-0.00459085,-1.27162,-3,-0.194203,0.00688627,1.31697,-1.00735,1.1875,-1.00276
34.4816,0.128308,0.000767967,-1.14331,-2.99923,-0.192462,-0.00115195,1.31581,-1.00199,1.1875,-1.00276
34.5015,0.130923,0.0126094,-1.01238,-2.98662,-0.196384,-0.0189142,1.31223,-0.993742,1.18131,-1.00635
34.5215,0.128651,0.0179676,-0.883733,-2.96865,-0.192977,-0.0269514,1.30996,-0.988384,1.18131,-1.00635
34.5415,0.125391,0.0257907,-0.758342,-2.94286,-0.188086,-0.0386861,1.3067,-0.98056,1.18131,-1.00635
34.5615,0.123303,0.0308645,-0.635039,-2.912,-0.184955,-0.0462968,1.30461,-0.975487,1.18131,-1.00635
34.5815,0.120268,0.0382592,-0.514771,-2.87374,-0.180402,-0.0573888,1.30158,-0.968092,1.18131,-1.00635
34.6015,0.144556,0.0332639,-0.370215,-2.84048,-0.216835,-0.0498958,1.29962,-0.963302,1.15506,-0.996566
34.6215,0.149804,0.0383651,-0.220411,-2.80211,-0.224705,-0.0575477,1.29677,-0.956745,1.14696,-0.99511
34.6415,0.147951,0.042465,-0.0724604,-2.75965,-0.221926,-0.0636975,1.29491,-0.952645,1.14696,-0.99511
34.6616,0.145226,0.0484183,0.0727651,-2.71123,-0.217838,-0.0726275,1.29219,-0.946692,1.14696,-0.99511
34.6815,0.143438,0.0522583,0.216203,-2.65897,-0.215157,-0.0783874,1.2904,-0.942852,1.14696,-0.99511
34.7016,0.141671,0.0559945,0.357874,-2.60298,-0.212506,-0.0839918,1.28863,-0.939116,1.14696,-0.99511
34.7215,0.139055,0.0614058,0.49693,-2.54157,-0.208583,-0.0921087,1.28602,-0.933705,1.14696,-0.99511
34.7416,0.136116,0.0670862,0.633046,-2.47448,-0.204175,-0.100629,1.28308,-0.928024,1.14696,-0.99511
34.7615,0.133716,0.0713771,0.766762,-2.40311,-0.200574,-0.107066,1.28068,-0.923733,1.14696,-0.99511
34.7816,0.131345,0.075521,0.898107,-2.32759,-0.197018,-0.113281,1.27831,-0.919589,1.14696,-0.99511
34.8015,0.158209,0.0723244,1.05632,-2.25526,-0.237314,-0.108487,1.27478,-0.913636,1.11657,-0.985961
34.8215,0.163653,0.0752343,1.21997,-2.18003,-0.245479,-0.112851,1.27246,-0.909842,1.10881,-0.985077
34.8415,0.161351,0.0788921,1.38132,-2.10113,-0.242026,-0.118338,1.27016,-0.906185,1.10881,-0.985077
34.8615,0.160106,0.0825698,1.54143,-2.01856,-0.24016,-0.123855,1.26674,-0.90096,1.10664,-0.983529
34.8816,0.156405,0.0853984,1.69783,-1.93317,-0.234608,-0.128098,1.26304,-0.898131,1.10664,-0.983529
34.9016,0.158371,0.0877036,1.8562,-1.84546,-0.237557,-0.131555,1.25763,-0.894108,1.09926,-0.981811
34.9216,0.154851,0.0902415,2.01105,-1.75522,-0.232276,-0.135362,1.25411,-0.89157,1.09926,-0.981811
34.9416,0.149698,0.0938293,2.16075,-1.66139,-0.224548,-0.140744,1.24896,-0.887982,1.09926,-0.981811
34.9616,0.160985,0.09205,2.32174,-1.56934,-0.241478,-0.138075,1.24559,-0.88573,1.08461,-0.97778
34.9816,0.156023,0.095219,2.47776,-1.47412,-0.234034,-0.142828,1.24063,-0.882561,1.08461,-0.97778
35.0016,0.152221,0.0968818,2.62998,-1.37724,-0.228331,-0.145323,1.23683,-0.880898,1.08461,-0.97778
35.0216,0.159956,0.0944419,2.78994,-1.2828,-0.239934,-0.141663,1.23044,-0.879044,1.07049,-0.973486
35.0416,0.155794,0.0955712,2.94573,-1.18723,-0.23369,-0.143357,1.22628,-0.877915,1.07049,-0.973486
35.0616,0.155687,0.0994381,3,-1.08779,-0.23353,-0.149157,1.22017,-0.87638,1.06448,-0.975818
35.0816,0.151683,0.100352,3,-0.987438,-0.227525,-0.150528,1.21616,-0.875466,1.06448,-0.975818
35.1016,0.154273,0.10078,3,-0.886658,-0.231409,-0.151169,1.21027,-0.874249,1.056,-0.975029
35.1216,0.15418,0.0984185,3,-0.78824,-0.23127,-0.147628,1.20641,-0.87354,1.05223,-0.971958
35.1416,0.147185,0.0975603,3,-0.690679,-0.220777,-0.146341,1.19941,-0.874398,1.05223,-0.971958
35.1616,0.15121,0.097614,3,-0.593065,-0.226815,-0.146421,1.19486,-0.875024,1.04365,-0.972638
35.1816,0.144538,0.0965909,3,-0.496474,-0.216807,-0.144886,1.18819,-0.876047,1.04365,-0.972638
35.2016,0.14911,0.097507,3,-0.398967,-0.223665,-0.146261,1.18384,-0.876786,1.03473,-0.974293
35.2216,0.147852,0.0966934,3,-0.302274,-0.221778,-0.14504,1.17746,-0.877993,1.02961,-0.974687
35.2416,0.143689,0.095832,3,-0.206442,-0.215533,-0.143748,1.1733,-0.878855,1.02961,-0.974687
35.2616,0.146606,0.0968775,3,-0.109565,-0.219909,-0.145316,1.16762,-0.880191,1.02102,-0.977068
35.2816,0.142905,0.0959272,3,-0.0136373,-0.214358,-0.143891,1.16392,-0.881141,1.02102,-0.977068
35.3016,0.142905,0.0957315,3,0.0820942,-0.214357,-0.143597,1.15849,-0.88265,1.01558,-0.978382
35.3216,0.144002,0.0919964,3,0.174091,-0.216003,-0.137995,1.15493,-0.883708,1.01093,-0.975704
35.3416,0.138773,0.0903483,3,0.264439,-0.208159,-0.135522,1.14971,-0.885356,1.01093,-0.975704
35.3616,0.140239,0.092742,3,0.357181,-0.210359,-0.139113,1.14629,-0.886487,1.00605,-0.979229
35.3816,0.135591,0.0905004,3,0.447681,-0.203387,-0.135751,1.14164,-0.888728,1.00605,-0.979229
35.4016,0.132674,0.0888311,3,0.536512,-0.199011,-0.133247,1.13872,-0.890398,1.00605,-0.979229
35.4215,0.13909,0.0867608,3,0.623273,-0.208636,-0.130141,1.13441,-0.892907,0.995324,-0.979668
35.4416,0.136261,0.0850873,3,0.70836,-0.204392,-0.127631,1.13158,-0.89458,0.995324,-0.979668
35.4616,0.132332,0.0825225,3,0.790883,-0.198498,-0.123784,1.1274,-0.897087,0.995067,-0.97961
35.4816,0.129577,0.0808558,3,0.871739,-0.194365,-0.121284,1.12464,-0.898754,0.995067,-0.97961
35.5015,0.128455,0.0755636,3,0.947302,-0.192682,-0.113345,1.12067,-0.902656,0.992215,-0.97822
35.5216,0.125874,0.0725488,3,1.01985,-0.188811,-0.108823,1.11809,-0.905671,0.992215,-0.97822
35.5416,0.122043,0.068136,3,1.08799,-0.183064,-0.102204,1.11426,-0.910084,0.992215,-0.97822
35.5615,0.128005,0.0702351,3,1.15822,-0.192007,-0.105353,1.11173,-0.912958,0.983724,-0.983193
35.5816,0.124245,0.0660211,3,1.22424,-0.186368,-0.0990317,1.10797,-0.917172,0.983724,-0.983193
35.6016,0.124254,0.0660537,3,1.2903,-0.186382,-0.0990805,1.10548,-0.919916,0.981228,-0.98597
35.6216,0.122403,0.0589961,3,1.34929,-0.183604,-0.0884942,1.10175,-0.9243,0.979342,-0.983296
35.6416,0.119894,0.0556734,3,1.40497,-0.179841,-0.0835101,1.09924,-0.927622,0.979342,-0.983296
35.6616,0.119655,0.0554309,3,1.4604,-0.179482,-0.0831463,1.09552,-0.932467,0.97587,-0.987898
35.6816,0.117211,0.0522914,3,1.51269,-0.175817,-0.0784372,1.09308,-0.935607,0.97587,-0.987898
35.7016,0.11837,0.0551802,3,1.56787,-0.177556,-0.0827704,1.09187,-0.93715,0.973498,-0.99233
35.7216,0.115378,0.0489407,3,1.61681,-0.173067,-0.0734111,1.08708,-0.943151,0.971698,-0.992092
35.7416,0.111834,0.0446183,3,1.66143,-0.167751,-0.0669275,1.08353,-0.947474,0.971698,-0.992092
35.7618,0.114781,0.0449036,3,1.70633,-0.172171,-0.0673554,1.08227,-0.948966,0.967493,-0.99387
35.7815,0.1109,0.0389478,3,1.74528,-0.16635,-0.0584217,1.07733,-0.954754,0.966433,-0.993702
35.8015,0.10847,0.0361648,3,1.78144,-0.162706,-0.0542471,1.0749,-0.957537,0.966433,-0.993702
35.8216,0.11113,0.0359394,3,1.81738,-0.166696,-0.0539091,1.0737,-0.958901,0.962568,-0.994841
35.8416,0.107546,0.0319518,3,1.84934,-0.161319,-0.0479276,1.07011,-0.962889,0.962568,-0.994841
35.8616,0.108649,0.0342918,3,1.88363,-0.162973,-0.0514377,1.06775,-0.965461,0.9591,-0.999753
35.8816,0.105188,0.0308634,3,1.91449,-0.157782,-0.046295,1.06429,-0.968889,0.9591,-0.999753
35.9017,0.107927,0.0308055,3,1.9453,-0.16189,-0.0462082,1.06207,-0.970712,0.954144,-1.00152
35.9217,0.103834,0.0267272,3,1.97202,-0.155751,-0.0400907,1.05877,-0.973373,0.954939,-1.0001
35.9416,0.101652,0.0250044,3,1.99703,-0.152477,-0.0375066,1.05659,-0.975095,0.954939,-1.0001
35.9616,0.102741,0.0209851,3,2.01801,-0.154112,-0.0314776,1.05334,-0.977602,0.950596,-0.998587
35.9816,0.100584,0.0193657,3,2.03738,-0.150876,-0.0290486,1.05118,-0.979222,0.950596,-0.998587
36.0016,0.101787,0.0158297,3,2.05321,-0.152681,-0.0237445,1.04795,-0.981573,0.946159,-0.997402
36.0216,0.0991043,0.0128922,3,2.0661,-0.148656,-0.0193383,1.04612,-0.983197,0.947017,-0.996089
36.0416,0.0963746,0.0105364,3,2.07664,-0.144562,-0.0158046,1.04339,-0.985552,0.947017,-0.996089
36.0616,0.0987737,0.00862839,3,2.08527,-0.148161,-0.0129426,1.04157,-0.987066,0.942795,-0.995694
36.0816,0.0958297,0.00554385,3,2.09081,-0.143745,-0.00831578,1.03884,-0.989258,0.943009,-0.994802
36.1016,0.0940128,0.00413396,3,2.09494,-0.141019,-0.00620095,1.03702,-0.990668,0.943009,-0.994802
36.1216,0.0964814,0.00228981,3,2.09723,-0.144722,-0.00343471,1.0343,-0.992706,0.937819,-0.994996
36.1418,0.0945783,0.00107286,3,2.09831,-0.141868,-0.00160929,1.0324,-0.993923,0.937819,-0.994996
36.1616,0.0909182,-0.00250839,3,2.0958,-0.136377,0.00376258,1.02944,-0.995541,0.938522,-0.993032
36.1816,0.0921142,-0.00426392,3,2.09153,-0.138171,0.00639588,1.0275,-0.996572,0.935384,-0.992309
36.2016,0.0892346,-0.00574277,3,2.08579,-0.133852,0.00861416,1.02462,-0.998051,0.935384,-0.992309
36.2219,0.0925022,-0.00705604,3,2.07873,-0.138753,0.0105841,1.02272,-0.998992,0.930214,-0.991936
36.242,0.0896811,-0.00839238,3,2.07034,-0.134522,0.0125886,1.0199,-1.00033,0.930214,-0.991936
36.262,0.0889354,-0.0090813,3,2.06126,-0.133403,0.0136219,1.01747,-1.00102,0.928538,-0.991935
36.2816,0.0845801,-0.00983661,3,2.05142,-0.12687,0.0147549,1.01312,-1.00177,0.928538,-0.991935
36.3016,0.0817638,-0.0103062,3,2.04112,-0.122646,0.0154593,1.0103,-1.00224,0.928538,-0.991935
36.3216,0.0877945,-0.0147363,3,2.02638,-0.131692,0.0221044,1.0062,-1.00289,0.918403,-0.988156
36.3416,0.0851316,-0.0151318,3,2.01125,-0.127697,0.0226977,1.00353,-1.00329,0.918403,-0.988156
36.3616,0.0862909,-0.0176897,3,1.99356,-0.129436,0.0265346,0.99964,-1.00382,0.913349,-0.986132
36.3816,0.0863576,-0.0230067,3,1.97055,-0.129536,0.0345101,0.997106,-1.00414,0.910748,-0.98113
36.4016,0.0840376,-0.0258716,3,1.94468,-0.126056,0.0388074,0.994786,-1.007,0.910748,-0.98113
36.4216,0.0825042,-0.0276457,3,1.91704,-0.123756,0.0414685,0.993252,-1.00878,0.910748,-0.98113
36.4416,0.0802192,-0.0301147,3,1.88692,-0.120329,0.0451721,0.990967,-1.01124,0.910748,-0.98113
36.4616,0.0834156,-0.0277231,3,1.8592,-0.125123,0.0415846,0.989453,-1.01277,0.906037,-0.985046
36.4816,0.0840925,-0.0285569,3,1.83064,-0.126139,0.0428354,0.987193,-1.01488,0.9031,-0.986321
36.5016,0.0825927,-0.0298496,3,1.80079,-0.123889,0.0447745,0.985693,-1.01617,0.9031,-0.986321
36.5216,0.0832267,-0.0307756,3,1.77002,-0.12484,0.0461633,0.984117,-1.01757,0.90089,-0.986795
36.5416,0.0821711,-0.0316202,3,1.7384,-0.123257,0.0474302,0.983061,-1.01842,0.90089,-0.986795
36.5616,0.0805841,-0.0327557,3,1.70564,-0.120876,0.0491336,0.981474,-1.01955,0.90089,-0.986795
36.5816,0.082339,-0.0335172,3,1.67212,-0.123508,0.0502758,0.98041,-1.02022,0.898071,-0.986707
36.6017,0.0807307,-0.0344064,3,1.63772,-0.121096,0.0516096,0.978801,-1.02111,0.898071,-0.986707
36.6216,0.080929,-0.034172,3,1.60355,-0.121394,0.051258,0.977722,-1.02163,0.896793,-0.987454
36.6416,0.080524,-0.0351852,3,1.56836,-0.120786,0.0527777,0.977317,-1.02264,0.896793,-0.987454
36.6617,0.0824466,-0.0345545,3,1.53381,-0.12367,0.0518317,0.977394,-1.02335,0.894947,-0.988795
36.6816,0.0833937,-0.0376116,3,1.49619,-0.125091,0.0564174,0.977401,-1.02429,0.894007,-0.986676
36.7017,0.0832786,-0.0384025,3,1.45779,-0.124918,0.0576037,0.977286,-1.02508,0.894007,-0.986676
36.7216,0.0801596,-0.0388099,3,1.41898,-0.120239,0.0582148,0.977143,-1.02553,0.896983,-0.986717
36.7416,0.079966,-0.0391966,3,1.37978,-0.119949,0.0587949,0.976949,-1.02591,0.896983,-0.986717
36.7616,0.0807119,-0.0383401,3,1.34144,-0.121068,0.0575102,0.976895,-1.02665,0.896184,-0.988307
36.7816,0.0817484,-0.0376274,3,1.30382,-0.122623,0.0564411,0.977223,-1.0274,0.895474,-0.989775
36.8016,0.0821139,-0.0386222,3,1.2652,-0.123171,0.0579333,0.977588,-1.0284,0.895474,-0.989775
36.8216,0.0822763,-0.0391961,3,1.226,-0.123415,0.0587941,0.97775,-1.02897,0.895474,-0.989775
36.8416,0.0829541,-0.0382306,3,1.18777,-0.124431,0.0573459,0.97787,-1.02969,0.894915,-0.991464
36.8616,0.0829585,-0.0386288,3,1.14914,-0.124438,0.0579433,0.977874,-1.03009,0.894915,-0.991464
36.8816,0.082845,-0.0370055,3,1.11213,-0.124268,0.0555082,0.977578,-1.03039,0.894733,-0.993386
36.9016,0.0823405,-0.0369023,3,1.07523,-0.123511,0.0553534,0.977073,-1.03029,0.894733,-0.993386
36.9216,0.0826331,-0.0369148,3,1.03832,-0.12395,0.0553723,0.976262,-1.03004,0.893629,-0.993129
36.9416,0.0846758,-0.0390366,3,0.99928,-0.127014,0.0585549,0.97568,-1.02982,0.891005,-0.990782
36.9616,0.0837383,-0.0386036,3,0.960677,-0.125607,0.0579055,0.974743,-1.02939,0.891005,-0.990782
36.9816,0.0832085,-0.0388688,3,0.921808,-0.124813,0.0583032,0.974071,-1.02903,0.890862,-0.990163
37.002,0.0821379,-0.0382465,3,0.883561,-0.123207,0.0573698,0.973,-1.02841,0.890862,-0.990163
37.0216,0.0813949,-0.037508,3,0.846053,-0.122092,0.056262,0.972257,-1.02767,0.890862,-0.990163
37.0416,0.080215,-0.0363431,3,0.80971,-0.120323,0.0545147,0.971077,-1.02651,0.890862,-0.990163
37.0616,0.0832025,-0.0399584,3,0.769752,-0.124804,0.0599376,0.970249,-1.02569,0.887046,-0.985733
37.0816,0.0839203,-0.0385853,3,0.731166,-0.125881,0.0578779,0.968945,-1.02441,0.885025,-0.985829
37.1016,0.0830108,-0.0376983,3,0.693468,-0.124516,0.0565474,0.968036,-1.02353,0.885025,-0.985829
37.1216,0.081576,-0.0363221,3,0.657146,-0.122364,0.0544832,0.966601,-1.02215,0.885025,-0.985829
37.1417,0.0809077,-0.0353007,3,0.621845,-0.121362,0.0529511,0.965932,-1.02113,0.885025,-0.985829
37.1617,0.0832822,-0.0331235,3,0.588722,-0.124923,0.0496852,0.965327,-1.01945,0.882045,-0.986327
37.1816,0.0852622,-0.0341198,3,0.554602,-0.127893,0.0511797,0.964857,-1.01831,0.879594,-0.984187
37.2016,0.0844602,-0.0323657,3,0.522236,-0.12669,0.0485485,0.964055,-1.01655,0.879594,-0.984187
37.2216,0.0854429,-0.0313326,3,0.490904,-0.128164,0.0469989,0.96346,-1.01536,0.878017,-0.984029
37.2416,0.0844723,-0.0295126,3,0.461391,-0.126708,0.0442689,0.962489,-1.01354,0.878017,-0.984029
37.2616,0.0878817,-0.0311145,3,0.430277,-0.131823,0.0466718,0.962232,-1.01228,0.87435,-0.981166
37.2816,0.0880224,-0.0291642,3,0.401112,-0.132034,0.0437462,0.962373,-1.01033,0.87435,-0.981166
37.3016,0.0880278,-0.027852,3,0.37326,-0.132042,0.041778,0.962378,-1.00902,0.87435,-0.981166
37.3218,0.0854565,-0.0281233,3,0.345137,-0.128185,0.042185,0.962245,-1.00703,0.876789,-0.978909
37.3416,0.0852821,-0.0267885,3,0.318348,-0.127923,0.0401828,0.962071,-1.0057,0.876789,-0.978909
37.3616,0.084809,-0.0288359,3,0.289513,-0.127213,0.0432539,0.961692,-1.00368,0.876883,-0.974845
37.3817,0.0876883,-0.0270771,3,0.262435,-0.131532,0.0406157,0.961362,-1.00233,0.873674,-0.975252
37.4017,0.087543,-0.0243502,3,0.238085,-0.131315,0.0365253,0.961217,-0.999603,0.873674,-0.975252
37.4216,0.0870894,-0.0252363,3,0.212849,-0.130634,0.0378544,0.96104,-0.997803,0.873951,-0.972567
37.4416,0.0869993,-0.026434,3,0.186415,-0.130499,0.039651,0.960658,-0.995131,0.873659,-0.968697
37.4616,0.0866649,-0.0246645,3,0.161751,-0.129997,0.0369967,0.960324,-0.993361,0.873659,-0.968697
37.4816,0.0900205,-0.0223764,3,0.139374,-0.135031,0.0335646,0.959713,-0.990731,0.869693,-0.968355
37.5019,0.0895429,-0.0206375,3,0.118737,-0.134314,0.0309562,0.959236,-0.988992,0.869693,-0.968355
37.5216,0.089474,-0.0206123,3,0.0981243,-0.134211,0.0309185,0.960183,-0.987338,0.870709,-0.966725
37.5416,0.0899821,-0.0194898,3,0.0786345,-0.134973,0.0292347,0.960691,-0.986215,0.870709,-0.966725
37.5616,0.089572,-0.0193908,3,0.0592436,-0.134358,0.0290862,0.961274,-0.984504,0.871702,-0.965114
37.5816,0.0876276,-0.0205599,3,0.0386837,-0.131441,0.0308398,0.961548,-0.983347,0.87392,-0.962787
37.6016,0.0878858,-0.0187924,3,0.0198913,-0.131829,0.0281886,0.961806,-0.98158,0.87392,-0.962787
37.6216,0.0913797,-0.018095,3,0.00179632,-0.13707,0.0271425,0.961876,-0.980384,0.870497,-0.962289
37.6416,0.0918217,-0.0167177,3,-0.0149213,-0.137733,0.0250765,0.962318,-0.979007,0.870497,-0.962289
37.6617,0.0921663,-0.0159275,3,-0.0308488,-0.138249,0.0238912,0.962663,-0.978217,0.870497,-0.962289
37.6816,0.090831,-0.0163191,3,-0.0471679,-0.136246,0.0244786,0.963012,-0.977009,0.872181,-0.960689
37.7016,0.0909548,-0.0154983,3,-0.0626662,-0.136432,0.0232475,0.963136,-0.976188,0.872181,-0.960689
37.7216,0.0909834,-0.0142471,3,-0.0769134,-0.136475,0.0213707,0.963165,-0.974937,0.872181,-0.960689
37.7416,0.0909305,-0.0134124,3,-0.0903257,-0.136396,0.0201185,0.963112,-0.974102,0.872181,-0.960689
37.7616,0.0902638,-0.0122892,3,-0.102615,-0.135396,0.0184338,0.962445,-0.972979,0.872181,-0.960689
37.7817,0.0891685,-0.011713,3,-0.114328,-0.133753,0.0175695,0.96135,-0.972403,0.872181,-0.960689
37.8016,0.08746,-0.0108121,3,-0.12514,-0.13119,0.0162181,0.959641,-0.971502,0.872181,-0.960689
37.8216,0.0912285,-0.0125448,3,-0.137685,-0.136843,0.0188171,0.958455,-0.97088,0.867226,-0.958335
37.8416,0.0908447,-0.0123323,3,-0.150017,-0.136267,0.0184984,0.956609,-0.969918,0.865764,-0.957585
37.8616,0.0895701,-0.011673,3,-0.16169,-0.134355,0.0175095,0.955334,-0.969258,0.865764,-0.957585
37.8816,0.0908445,-0.0118038,3,-0.173494,-0.136267,0.0177057,0.953944,-0.968413,0.8631,-0.956609
37.9016,0.0906228,-0.0114458,3,-0.18494,-0.135934,0.0171687,0.953723,-0.968055,0.8631,-0.956609
37.9216,0.0934168,-0.0113778,3,-0.196317,-0.140125,0.0170666,0.953248,-0.967483,0.859831,-0.956105
37.9416,0.0932222,-0.0111779,3,-0.207495,-0.139833,0.0167669,0.953053,-0.967283,0.859831,-0.956105
37.9616,0.0904658,-0.0108899,3,-0.218385,-0.135699,0.0163348,0.952378,-0.966656,0.861913,-0.955766
37.9816,0.0899372,-0.0104502,3,-0.228835,-0.134906,0.0156753,0.95185,-0.966217,0.861913,-0.955766
38.0017,0.0890267,-0.00975995,3,-0.238595,-0.13354,0.0146399,0.950939,-0.965526,0.861913,-0.955766
38.0217,0.0910716,-0.0113064,3,-0.249902,-0.136607,0.0169596,0.950364,-0.965543,0.859293,-0.954237
38.0416,0.0913413,-0.0109761,3,-0.260878,-0.137012,0.0164642,0.949517,-0.96622,0.858176,-0.955244
38.0617,0.0907026,-0.0113655,3,-0.272243,-0.136054,0.0170482,0.948878,-0.96661,0.858176,-0.955244
38.0816,0.0906688,-0.0104936,3,-0.282737,-0.136003,0.0157403,0.947813,-0.967105,0.857144,-0.956611
38.102,0.0898879,-0.0107631,3,-0.2935,-0.134832,0.0161446,0.947032,-0.967374,0.857144,-0.956611
38.1216,0.0906358,-0.0115926,3,-0.305093,-0.135954,0.017389,0.94576,-0.967699,0.855124,-0.956107
38.1416,0.0897238,-0.0117584,3,-0.316851,-0.134586,0.0176376,0.944848,-0.967865,0.855124,-0.956107
38.1616,0.0894002,-0.0137414,3,-0.330592,-0.1341,0.0206121,0.944524,-0.969848,0.855124,-0.956107
38.1816,0.0890832,-0.0149506,3,-0.345543,-0.133625,0.0224259,0.944207,-0.971057,0.855124,-0.956107
38.2017,0.0884705,-0.0166055,3,-0.362149,-0.132706,0.0249083,0.943595,-0.972712,0.855124,-0.956107
38.2216,0.0897237,-0.0138259,3,-0.375974,-0.134585,0.0207389,0.943099,-0.973714,0.853375,-0.959888
38.2416,0.0888597,-0.0151725,3,-0.391147,-0.13329,0.0227587,0.942235,-0.97506,0.853375,-0.959888
38.2616,0.0894118,-0.0148715,3,-0.406018,-0.134118,0.0223072,0.941579,-0.975866,0.852167,-0.960994
38.2816,0.0871689,-0.0131587,3,-0.419177,-0.130753,0.019738,0.939472,-0.977046,0.852303,-0.963887
38.3016,0.085735,-0.0138643,3,-0.433041,-0.128602,0.0207965,0.938038,-0.977752,0.852303,-0.963887
38.3216,0.086823,-0.0151442,3,-0.448186,-0.130235,0.0227162,0.935844,-0.978695,0.849021,-0.963551
38.3416,0.0882605,-0.0143073,3,-0.462493,-0.132391,0.0214609,0.934353,-0.97925,0.846092,-0.964943
38.3617,0.0859788,-0.0150327,3,-0.477526,-0.128968,0.022549,0.932071,-0.979975,0.846092,-0.964943
38.3816,0.0874404,-0.0148471,3,-0.492373,-0.131161,0.0222707,0.930525,-0.980389,0.843084,-0.965541
38.4017,0.0863684,-0.014915,3,-0.507288,-0.129553,0.0223724,0.929453,-0.980456,0.843084,-0.965541
38.422,0.0875358,-0.0153841,3,-0.522672,-0.131304,0.0230762,0.929085,-0.980306,0.841549,-0.964922
38.4416,0.0859252,-0.015099,3,-0.537771,-0.128888,0.0226485,0.928394,-0.980025,0.842469,-0.964926
38.4616,0.0853769,-0.0148751,3,-0.552646,-0.128065,0.0223127,0.927845,-0.979801,0.842469,-0.964926
38.4816,0.0844303,-0.0144858,3,-0.567132,-0.126646,0.0217287,0.926899,-0.979411,0.842469,-0.964926
38.5016,0.0837204,-0.0141913,3,-0.581323,-0.125581,0.0212869,0.926189,-0.979117,0.842469,-0.964926
38.5216,0.0852869,-0.018933,3,-0.600256,-0.12793,0.0283995,0.925384,-0.98043,0.840097,-0.961497
38.5416,0.0868317,-0.0178961,3,-0.618152,-0.130248,0.0268442,0.92489,-0.981799,0.838058,-0.963903
38.5616,0.0859692,-0.0197673,3,-0.637919,-0.128954,0.0296509,0.924027,-0.98367,0.838058,-0.963903
38.5816,0.0849539,-0.0189491,3,-0.656868,-0.127431,0.0284236,0.923363,-0.98483,0.838409,-0.96588
38.6016,0.0838485,-0.0205276,3,-0.677396,-0.125773,0.0307914,0.922258,-0.986408,0.838409,-0.96588
38.6216,0.0850167,-0.0189074,3,-0.696303,-0.127525,0.0283611,0.921451,-0.98736,0.836434,-0.968452
38.6416,0.0825009,-0.0205426,3,-0.716846,-0.123751,0.0308139,0.920576,-0.988516,0.838075,-0.967973
38.6617,0.0824107,-0.0210623,3,-0.737908,-0.123616,0.0315934,0.920486,-0.989035,0.838075,-0.967973
38.6816,0.0830212,-0.0195482,3,-0.757456,-0.124532,0.0293223,0.9202,-0.989718,0.837179,-0.97017
38.7016,0.0822413,-0.0210181,3,-0.778474,-0.123362,0.0315271,0.919915,-0.99011,0.837673,-0.969092
38.7216,0.081678,-0.0215143,3,-0.799989,-0.122517,0.0322714,0.919351,-0.990606,0.837673,-0.969092
38.7416,0.0812162,-0.0217837,3,-0.821772,-0.121824,0.0326755,0.918889,-0.990876,0.837673,-0.969092
38.7616,0.0804015,-0.0221023,3,-0.843875,-0.120602,0.0331535,0.918075,-0.991194,0.837673,-0.969092
38.7818,0.0810044,-0.0196892,3,-0.863564,-0.121507,0.0295339,0.916771,-0.991021,0.835767,-0.971332
38.8016,0.0790099,-0.0193886,3,-0.882953,-0.118515,0.029083,0.914777,-0.99072,0.835767,-0.971332
38.8216,0.0803896,-0.0222879,3,-0.905241,-0.120584,0.0334318,0.913418,-0.990494,0.833028,-0.968206
38.8416,0.0784688,-0.0228029,3,-0.928044,-0.117703,0.0342044,0.911341,-0.990111,0.832873,-0.967308
38.8616,0.0770582,-0.0225183,3,-0.950562,-0.115587,0.0337775,0.909931,-0.989826,0.832873,-0.967308
38.8816,0.0787589,-0.0232203,3,-0.973782,-0.118138,0.0348304,0.907792,-0.989349,0.829033,-0.966129
38.9016,0.0785833,-0.022959,3,-0.996741,-0.117875,0.0344384,0.907617,-0.989088,0.829033,-0.966129
38.9216,0.0788748,-0.0225148,3,-1.01926,-0.118312,0.0337721,0.907221,-0.988645,0.828346,-0.966131
38.9416,0.0785278,-0.0221871,3,-1.04144,-0.117792,0.0332807,0.906874,-0.988318,0.828346,-0.966131
38.9616,0.0778992,-0.0216477,3,-1.06309,-0.116849,0.0324716,0.906245,-0.987778,0.828346,-0.966131
38.9816,0.0777652,-0.0241527,3,-1.08724,-0.116648,0.0362291,0.905752,-0.987388,0.827987,-0.963235
39.0016,0.0774971,-0.0239484,3,-1.11119,-0.116246,0.0359227,0.905484,-0.987184,0.827987,-0.963235
39.0216,0.076804,-0.0254196,3,-1.13661,-0.115206,0.0381294,0.904598,-0.986535,0.827794,-0.961115
39.0416,0.0764047,-0.0251054,3,-1.16172,-0.114607,0.0376582,0.904816,-0.985308,0.828412,-0.960203
39.0617,0.0765806,-0.0232915,3,-1.18501,-0.114871,0.0349373,0.904992,-0.983494,0.828412,-0.960203
39.0817,0.0752016,-0.0236956,3,-1.2087,-0.112802,0.0355434,0.905013,-0.9823,0.829812,-0.958604
39.1017,0.0755376,-0.0273189,3,-1.23602,-0.113306,0.0409784,0.904903,-0.980527,0.829366,-0.953208
39.1217,0.0753762,-0.0261473,3,-1.26217,-0.113064,0.0392209,0.904742,-0.979356,0.829366,-0.953208
39.1417,0.0749096,-0.0277481,3,-1.28992,-0.112364,0.0416221,0.904375,-0.977609,0.829466,-0.949861
39.1617,0.0748762,-0.0269655,3,-1.31688,-0.112314,0.0404482,0.904342,-0.976826,0.829466,-0.949861
39.1816,0.074705,-0.0279963,3,-1.34488,-0.112058,0.0419944,0.904535,-0.976178,0.82983,-0.948182
39.2016,0.0745297,-0.0292007,3,-1.37408,-0.111794,0.0438011,0.904567,-0.975705,0.830038,-0.946504
39.2216,0.0744396,-0.0284324,3,-1.40251,-0.111659,0.0426485,0.904477,-0.974936,0.830038,-0.946504
39.2417,0.0723627,-0.0289047,3,-1.43142,-0.108544,0.0433571,0.90432,-0.974384,0.831958,-0.945479
39.2617,0.0719879,-0.028019,3,-1.45944,-0.107982,0.0420285,0.903945,-0.973498,0.831958,-0.945479
39.2817,0.0717186,-0.027781,3,-1.48722,-0.107578,0.0416715,0.903676,-0.97326,0.831958,-0.945479
39.3016,0.0718686,-0.0290463,3,-1.51626,-0.107803,0.0435695,0.903247,-0.973385,0.831379,-0.944339
39.3218,0.071503,-0.0290593,3,-1.54532,-0.107255,0.0435889,0.902882,-0.973398,0.831379,-0.944339
39.3417,0.0700602,-0.0279586,3,-1.57328,-0.10509,0.0419379,0.902225,-0.973321,0.832164,-0.945363
39.3617,0.0695524,-0.0278468,3,-1.60113,-0.104329,0.0417702,0.901717,-0.97321,0.832164,-0.945363
39.3817,0.0690902,-0.0293457,3,-1.63047,-0.103635,0.0440185,0.900861,-0.972958,0.831771,-0.943612
39.4017,0.0684577,-0.0291248,3,-1.6596,-0.102687,0.0436873,0.900229,-0.972737,0.831771,-0.943612
39.4217,0.0668622,-0.0284502,3,-1.68805,-0.100293,0.0426752,0.898851,-0.971562,0.831989,-0.943112
39.4417,0.0675477,-0.0301977,3,-1.71825,-0.101322,0.0452965,0.897886,-0.970758,0.830338,-0.940561
39.4617,0.0660108,-0.0289555,3,-1.7472,-0.0990162,0.0434332,0.896349,-0.969516,0.830338,-0.940561
39.4817,0.0665533,-0.0289209,3,-1.77612,-0.09983,0.0433813,0.89528,-0.968668,0.828726,-0.939748
39.5017,0.0665969,-0.0297701,3,-1.80589,-0.0998954,0.0446551,0.893613,-0.967368,0.827016,-0.937598
39.5216,0.0654453,-0.0288875,3,-1.83478,-0.098168,0.0433312,0.892461,-0.966485,0.827016,-0.937598
39.5416,0.0656952,-0.0293818,3,-1.86416,-0.0985429,0.0440728,0.891669,-0.965882,0.825974,-0.9365
39.5617,0.065095,-0.0289334,3,-1.8931,-0.0976425,0.0434002,0.891069,-0.965434,0.825974,-0.9365
39.5817,0.0645572,-0.0288465,3,-1.92194,-0.0968358,0.0432698,0.890068,-0.964694,0.82551,-0.935848
39.6017,0.0641443,-0.0312755,3,-1.95322,-0.0962164,0.0469132,0.889358,-0.964148,0.825214,-0.932873
39.6217,0.0629899,-0.0303934,3,-1.98361,-0.0944848,0.04559,0.888203,-0.963266,0.825214,-0.932873
39.6417,0.0640779,-0.0300007,3,-2.01361,-0.0961169,0.045001,0.887377,-0.962638,0.823299,-0.932637
39.6621,0.0634233,-0.0284817,3,-2.04209,-0.0951349,0.0427225,0.886722,-0.961119,0.823299,-0.932637
39.6816,0.0613378,-0.0318882,3,-2.07398,-0.0920068,0.0478323,0.88643,-0.959918,0.825092,-0.92803
39.7017,0.0614037,-0.0325088,3,-2.10649,-0.0921055,0.0487632,0.885874,-0.958103,0.824471,-0.925594
39.7217,0.060959,-0.0312881,3,-2.13778,-0.0914385,0.0469322,0.88543,-0.956882,0.824471,-0.925594
39.7417,0.0591116,-0.0324768,3,-2.17026,-0.0886674,0.0487152,0.884665,-0.955028,0.825554,-0.922551
39.7617,0.0585363,-0.0312304,3,-2.20149,-0.0878044,0.0468455,0.88409,-0.953781,0.825554,-0.922551
39.7817,0.0573114,-0.0298217,3,-2.23131,-0.0859671,0.0447325,0.883056,-0.952329,0.825744,-0.922508
39.8017,0.0564635,-0.0293932,3,-2.2607,-0.0846953,0.0440897,0.882208,-0.951901,0.825744,-0.922508
39.8217,0.0551208,-0.0286759,3,-2.28938,-0.0826812,0.0430138,0.880865,-0.951184,0.825744,-0.922508
39.8417,0.0576961,-0.0339695,3,-2.32335,-0.0865442,0.0509542,0.879923,-0.950665,0.822227,-0.916695
39.8618,0.0562173,-0.0331358,3,-2.35648,-0.0843259,0.0497037,0.878445,-0.949831,0.822227,-0.916695
39.8817,0.0553947,-0.0340868,3,-2.39057,-0.083092,0.0511303,0.877438,-0.949247,0.822043,-0.91516
39.9017,0.0556948,-0.0339242,3,-2.42449,-0.0835423,0.0508863,0.876118,-0.948845,0.820423,-0.914921
39.9217,0.055095,-0.0342918,3,-2.45879,-0.0826425,0.0514378,0.875518,-0.949212,0.820423,-0.914921
39.9419,0.0545661,-0.034177,3,-2.49296,-0.0818491,0.0512655,0.874522,-0.949643,0.819956,-0.915466
39.9617,0.0538447,-0.0343896,3,-2.52735,-0.080767,0.0515844,0.873801,-0.949855,0.819956,-0.915466
39.9817,0.052686,-0.0346084,3,-2.56196,-0.079029,0.0519126,0.872642,-0.950074,0.819956,-0.915466
40.0016,0.0542553,-0.0341815,3,-2.59614,-0.0813829,0.0512722,0.871821,-0.950156,0.817566,-0.915975
40.0217,0.0529724,-0.0342184,3,-2.63036,-0.0794586,0.0513276,0.870538,-0.950193,0.817566,-0.915975
40.0416,0.0537789,-0.0349242,3,-2.66528,-0.0806684,0.0523862,0.870463,-0.950357,0.816684,-0.915433
40.062,0.0535425,-0.0350792,3,-2.70036,-0.0803137,0.0526189,0.870226,-0.950512,0.816684,-0.915433
40.0817,0.0509637,-0.0346663,3,-2.73503,-0.0764456,0.0519995,0.869991,-0.950555,0.819027,-0.915888
40.1016,0.0505022,-0.034644,3,-2.76967,-0.0757533,0.0519659,0.86953,-0.950532,0.819027,-0.915888
40.1217,0.0501273,-0.034577,3,-2.80425,-0.075191,0.0518655,0.869155,-0.950466,0.819027,-0.915888
40.1417,0.050994,-0.0358542,3,-2.84011,-0.076491,0.0537813,0.868498,-0.95029,0.817504,-0.914435
40.1617,0.0510323,-0.0358706,3,-2.87598,-0.0765485,0.0538059,0.868536,-0.950306,0.817504,-0.914435
40.1817,0.0520211,-0.0373035,3,-2.91328,-0.0780316,0.0559553,0.869293,-0.950524,0.817272,-0.913221
40.2017,0.0496206,-0.037226,3,-2.95051,-0.0744309,0.055839,0.869691,-0.950603,0.82007,-0.913377
40.2217,0.0500776,-0.0372422,3,-2.98775,-0.0751164,0.0558633,0.870148,-0.950619,0.82007,-0.913377
40.2417,0.0491251,-0.0372382,3,-3,-0.0736876,0.0558572,0.870362,-0.950565,0.821237,-0.913326
40.2617,0.0493145,-0.0370642,3,-3,-0.0739717,0.0555964,0.870551,-0.950391,0.821237,-0.913326
40.2817,0.0487155,-0.0391993,3,-3,-0.0730732,0.0587989,0.870667,-0.950229,0.821952,-0.911029
40.3017,0.0476001,-0.0392357,3,-3,-0.0714002,0.0588536,0.870828,-0.949894,0.823228,-0.910658
40.3217,0.0476369,-0.0389537,3,-3,-0.0714554,0.0584306,0.870865,-0.949612,0.823228,-0.910658
40.3417,0.0475914,-0.038446,3,-3,-0.071387,0.0576689,0.870819,-0.949104,0.823228,-0.910658
40.3617,0.0474842,-0.0380515,3,-3,-0.0712264,0.0570773,0.870712,-0.948709,0.823228,-0.910658
40.3817,0.0459428,-0.0384084,3,-3,-0.0689143,0.0576126,0.870441,-0.948036,0.824499,-0.909628
40.4017,0.0465548,-0.0399991,3,-3,-0.0698322,0.0599987,0.870202,-0.947536,0.823647,-0.907537
40.4217,0.0474198,-0.0404152,3,-3,-0.0711297,0.0606228,0.871067,-0.947953,0.823647,-0.907537
40.4417,0.046456,-0.040287,3,-3,-0.069684,0.0604305,0.871523,-0.948138,0.825067,-0.907851
40.4617,0.0470012,-0.0404348,3,-3,-0.0705019,0.0606522,0.872069,-0.948285,0.825067,-0.907851
40.4817,0.0449733,-0.0414629,3,-3,-0.0674599,0.0621943,0.872344,-0.948302,0.827371,-0.906839
40.5016,0.0460724,-0.0397391,3,-3,-0.0691086,0.0596086,0.872623,-0.948226,0.82655,-0.908487
40.5217,0.0461753,-0.039619,3,-3,-0.069263,0.0594284,0.872726,-0.948106,0.82655,-0.908487
40.5417,0.0460906,-0.0401733,3,-3,-0.0691359,0.0602599,0.873862,-0.947939,0.827771,-0.907766
40.5621,0.0467364,-0.0399904,3,-3,-0.0701047,0.0599856,0.874508,-0.947756,0.827771,-0.907766
40.5817,0.0475417,-0.0395986,3,-3,-0.0713126,0.059398,0.875313,-0.947365,0.827771,-0.907766
40.6017,0.0479785,-0.0392725,3,-3,-0.0719678,0.0589088,0.87575,-0.947039,0.827771,-0.907766
40.6217,0.0484924,-0.0386901,3,-3,-0.0727386,0.0580351,0.876264,-0.946456,0.827771,-0.907766
40.6418,0.0436231,-0.0411422,3,-3,-0.0654347,0.0617133,0.876516,-0.946015,0.832893,-0.904872
40.6617,0.0443574,-0.0417474,3,-3,-0.066536,0.0626211,0.87725,-0.94662,0.832893,-0.904872
40.6817,0.0429434,-0.0418423,3,-3,-0.0644151,0.0627634,0.877799,-0.947361,0.834856,-0.905519
40.7017,0.0420332,-0.0411476,3,-3,-0.0630499,0.0617214,0.878469,-0.948297,0.836436,-0.907149
40.7217,0.0423739,-0.0416683,3,-3,-0.0635608,0.0625025,0.87881,-0.948818,0.836436,-0.907149
40.7417,0.0411473,-0.0423784,3,-3,-0.061721,0.0635676,0.87917,-0.949455,0.838023,-0.907076
40.7617,0.0413011,-0.0427057,3,-3,-0.0619517,0.0640586,0.879324,-0.949782,0.838023,-0.907076
40.7817,0.0396852,-0.0434133,3,-3,-0.0595278,0.0651199,0.879178,-0.950801,0.839493,-0.907387
40.802,0.0401963,-0.0422856,3,-3,-0.0602944,0.0634284,0.878689,-0.952236,0.838493,-0.90995
40.8217,0.039412,-0.0442174,3,-3,-0.0591181,0.0663261,0.877905,-0.954168,0.838493,-0.90995
40.8417,0.0388433,-0.0430676,3,-3,-0.0582649,0.0646014,0.877349,-0.955316,0.838506,-0.912249
40.8617,0.0379486,-0.0445986,3,-3,-0.0569228,0.0668979,0.876454,-0.956847,0.838506,-0.912249
40.8817,0.0373171,-0.0454959,3,-3,-0.0559757,0.0682439,0.875823,-0.957745,0.838506,-0.912249
40.9017,0.0372499,-0.0420659,3,-3,-0.0558749,0.0630989,0.875511,-0.959122,0.838261,-0.917056
40.9217,0.0378887,-0.0431303,3,-3,-0.0568331,0.0646954,0.87615,-0.960186,0.838261,-0.917056
40.9417,0.0379736,-0.0421501,3,-3,-0.0569603,0.0632251,0.876985,-0.961581,0.839011,-0.919431
40.9617,0.0375782,-0.0429537,3,-3,-0.0563673,0.0644305,0.877226,-0.961995,0.839648,-0.919041
40.9817,0.0381996,-0.0440496,3,-3,-0.0572994,0.0660744,0.877848,-0.963091,0.839648,-0.919041
41.0018,0.0385324,-0.0446631,3,-3,-0.0577986,0.0669947,0.878181,-0.963704,0.839648,-0.919041
41.0219,0.0389418,-0.0454085,3,-3,-0.0584127,0.0681127,0.87859,-0.96445,0.839648,-0.919041
41.0417,0.0361487,-0.0433956,3,-3,-0.0542231,0.0650934,0.880093,-0.965972,0.843944,-0.922576
41.0617,0.0346865,-0.041107,3,-3,-0.0520297,0.0616605,0.884027,-0.969663,0.849341,-0.928556
41.0817,0.0371157,-0.0433611,3,-3,-0.0556736,0.0650417,0.886456,-0.971917,0.849341,-0.928556
41.1017,0.0364696,-0.042197,3,-3,-0.0547044,0.0632955,0.88982,-0.975007,0.853351,-0.93281
41.1217,0.0385359,-0.0440725,3,-3,-0.0578039,0.0661088,0.891887,-0.976882,0.853351,-0.93281
41.1417,0.0346874,-0.0422639,3,-3,-0.0520311,0.0633959,0.894744,-0.979432,0.860057,-0.937168
41.1617,0.0364433,-0.0437964,3,-3,-0.054665,0.0656946,0.8965,-0.980965,0.860057,-0.937168
41.1817,0.0394716,-0.0453214,3,-3,-0.0592073,0.0679821,0.899528,-0.98249,0.860057,-0.937168
41.2017,0.0329401,-0.0409053,3,-3,-0.0494102,0.0613579,0.901383,-0.983386,0.868443,-0.94248
41.2217,0.0354936,-0.0420755,3,-3,-0.0532404,0.0631132,0.903936,-0.984556,0.868443,-0.94248
41.2417,0.032979,-0.0408176,3,-3,-0.0494685,0.0612264,0.905492,-0.985225,0.872513,-0.944407
41.2617,0.0315253,-0.0408619,3,-3,-0.0472879,0.0612929,0.907616,-0.986069,0.87609,-0.945207
41.2817,0.0328139,-0.0413244,3,-3,-0.0492208,0.0619867,0.908904,-0.986531,0.87609,-0.945207
41.3017,0.032311,-0.0405004,3,-3,-0.0484665,0.0607505,0.910835,-0.987481,0.878524,-0.94698
41.3217,0.033468,-0.041018,3,-3,-0.050202,0.061527,0.911992,-0.987998,0.878524,-0.94698
41.3417,0.0317119,-0.039665,3,-3,-0.0475679,0.0594975,0.913543,-0.988612,0.881831,-0.948947
41.3617,0.0294878,-0.0396,3,-3,-0.0442318,0.0594,0.91447,-0.988925,0.884982,-0.949325
41.3817,0.0307115,-0.0399205,3,-3,-0.0460672,0.0598808,0.915694,-0.989245,0.884982,-0.949325
41.4017,0.0283176,-0.037099,3,-3,-0.0424764,0.0556485,0.916404,-0.989364,0.888086,-0.952265
41.4217,0.0283528,-0.0382831,3,-3,-0.0425293,0.0574246,0.916439,-0.990548,0.888086,-0.952265
41.4417,0.0284371,-0.0389699,3,-3,-0.0426556,0.0584548,0.916134,-0.991581,0.887697,-0.952611
41.4617,0.0252637,-0.0367465,3,-3,-0.0378955,0.0551198,0.915611,-0.992924,0.890347,-0.956178
41.4817,0.024873,-0.0375139,3,-3,-0.0373096,0.0562709,0.91522,-0.993692,0.890347,-0.956178
41.5017,0.0250204,-0.0378093,3,-3,-0.0375307,0.056714,0.914594,-0.994643,0.889573,-0.956834
41.5219,0.024571,-0.0383234,3,-3,-0.0368565,0.0574852,0.914144,-0.995157,0.889573,-0.956834
41.5417,0.0247783,-0.0351297,3,-3,-0.0371675,0.0526945,0.913955,-0.995966,0.889177,-0.960837
41.5617,0.0239189,-0.0337495,3,-3,-0.0358784,0.0506242,0.91393,-0.996465,0.890011,-0.962715
41.5817,0.023759,-0.0343446,3,-3,-0.0356385,0.0515168,0.91377,-0.99706,0.890011,-0.962715
41.6017,0.0223636,-0.0341381,3,-3,-0.0335453,0.0512072,0.913603,-0.997357,0.89124,-0.963219
41.6217,0.0220321,-0.0344436,3,-3,-0.0330481,0.0516654,0.913272,-0.997663,0.89124,-0.963219
41.6417,0.0217397,-0.034568,3,-3,-0.0326096,0.0518519,0.91298,-0.997787,0.89124,-0.963219
41.6617,0.0218358,-0.0319632,3,-3,-0.0327538,0.0479448,0.912164,-0.99794,0.890328,-0.965977
41.6817,0.0208572,-0.0321033,3,-3,-0.0312858,0.048155,0.911186,-0.99808,0.890328,-0.965977
41.7017,0.0176848,-0.030295,3,-3,-0.0265272,0.0454425,0.909719,-0.998165,0.892034,-0.96787
41.7217,0.0167228,-0.0302701,3,-3,-0.0250842,0.0454052,0.908757,-0.99814,0.892034,-0.96787
41.7417,0.0170621,-0.0292738,3,-3,-0.0255932,0.0439107,0.907297,-0.997994,0.890235,-0.96872
41.7617,0.0163294,-0.0297811,3,-3,-0.0244941,0.0446717,0.906314,-0.997827,0.889984,-0.968046
41.7817,0.0148719,-0.029423,3,-3,-0.0223078,0.0441344,0.904856,-0.997469,0.889984,-0.968046
41.8017,0.0146357,-0.0265637,3,-3,-0.0219535,0.0398456,0.903903,-0.996303,0.889268,-0.969739
41.8217,0.0132015,-0.0247917,3,-3,-0.0198023,0.0371876,0.902469,-0.994531,0.889268,-0.969739
41.8418,0.0132584,-0.0263339,3,-3,-0.0198875,0.0395009,0.901508,-0.993345,0.888249,-0.967011
41.8617,0.0127446,-0.0234659,3,-3,-0.019117,0.0351988,0.90006,-0.991558,0.887316,-0.968092
41.8817,0.0117816,-0.0222601,3,-3,-0.0176724,0.0333902,0.899097,-0.990352,0.887316,-0.968092
41.9017,0.0117453,-0.0238526,3,-3,-0.0176179,0.0357789,0.897658,-0.988523,0.885912,-0.964671
41.9217,0.0114686,-0.0224764,3,-3,-0.0172029,0.0337145,0.897381,-0.987147,0.885912,-0.964671
41.9417,0.0100701,-0.0231426,3,-3,-0.0151051,0.034714,0.896911,-0.985079,0.886841,-0.961937
41.9617,0.00972367,-0.0217614,3,-3,-0.0145855,0.0326421,0.896564,-0.983698,0.886841,-0.961937
41.9817,0.00914276,-0.0196742,3,-3,-0.0137141,0.0295113,0.895984,-0.981611,0.886841,-0.961937
42.0017,0.00904694,-0.0210208,3,-3,-0.0135704,0.0315312,0.895564,-0.980214,0.886518,-0.959193
42.0217,0.00838515,-0.0189241,3,-3,-0.0125777,0.0283861,0.894903,-0.978117,0.886518,-0.959193
42.0417,0.00690737,-0.020149,3,-3,-0.010361,0.0302235,0.894372,-0.976933,0.887465,-0.956784
42.0617,0.00616598,-0.0178313,3,-3,-0.00924896,0.026747,0.893465,-0.975453,0.887299,-0.957622
42.0817,0.00555729,-0.0168242,3,-3,-0.00833594,0.0252363,0.892856,-0.974446,0.887299,-0.957622
42.1017,0.00636633,-0.0169621,3,-3,-0.0095495,0.0254432,0.891939,-0.972908,0.885572,-0.955946
42.1218,0.00605943,-0.0164429,3,-3,-0.00908914,0.0246644,0.891632,-0.972389,0.885572,-0.955946
42.1418,0.00449538,-0.0184006,3,-3,-0.00674307,0.0276009,0.891025,-0.971356,0.886529,-0.952955
42.1617,0.00423409,-0.0159595,3,-3,-0.00635113,0.0239393,0.88981,-0.969259,0.885576,-0.953299
42.1816,0.00323565,-0.0162343,3,-3,-0.00485348,0.0243515,0.888812,-0.969533,0.885576,-0.953299
42.2017,0.00256325,-0.016346,3,-3,-0.00384488,0.024519,0.888139,-0.969645,0.885576,-0.953299
42.2218,0.00222935,-0.0163809,3,-3,-0.00334402,0.0245714,0.887805,-0.96968,0.885576,-0.953299
42.2417,0.00303384,-0.0155212,3,-3,-0.00455075,0.0232817,0.886813,-0.969706,0.883779,-0.954185
42.2617,0.00347934,-0.0146559,3,-3,-0.005219,0.0219839,0.885821,-0.969625,0.882342,-0.95497
42.2818,0.00280866,-0.0145502,3,-3,-0.004213,0.0218253,0.885151,-0.96952,0.882342,-0.95497
42.3017,0.00210452,-0.0151864,3,-3,-0.00315678,0.0227796,0.884297,-0.970255,0.882192,-0.955069
42.3219,0.000578224,-0.0174288,3,-3,-0.000867336,0.0261431,0.88277,-0.972498,0.882192,-0.955069
42.3417,0.00145174,-0.0155376,3,-3,-0.00217761,0.0233064,0.88177,-0.973862,0.880318,-0.958325
42.3617,0.00164335,-0.0131256,3,-3,-0.00246502,0.0196884,0.880292,-0.975731,0.878649,-0.962605
42.3818,0.000685144,-0.0142583,3,-3,-0.00102772,0.0213875,0.879334,-0.976863,0.878649,-0.962605
42.4017,0.00107145,-0.0129547,3,-3,-0.00160718,0.0194321,0.87794,-0.978393,0.876869,-0.965438
42.4217,0.000172674,-0.0138589,3,-3,-0.00025901,0.0207883,0.877041,-0.979297,0.876869,-0.965438
42.4418,-0.000872673,-0.0151349,2.99913,-3,0.00130901,0.0227023,0.875996,-0.980573,0.876869,-0.965438
42.4617,0.00109493,-0.0116384,3,-3,-0.0016424,0.0174575,0.875314,-0.981345,0.874219,-0.969707
42.4817,8.43949e-05,-0.0127032,3,-3,-0.000126592,0.0190548,0.874304,-0.98241,0.874219,-0.969707
42.5017,-0.000856005,-0.013042,2.99914,-3,0.00128401,0.0195629,0.873641,-0.983054,0.874497,-0.970012
42.5217,-0.00182708,-0.0139039,2.99732,-3,0.00274063,0.0208558,0.87267,-0.983916,0.874497,-0.970012
42.5417,-0.00160724,-0.0116763,2.99571,-3,0.00241085,0.0175145,0.872016,-0.984427,0.873623,-0.972751
42.5617,-0.000596733,-0.0136175,2.99511,-3,0.0008951,0.0204263,0.872435,-0.983936,0.873032,-0.970319
42.5818,-0.000354559,-0.0132633,2.99476,-3,0.000531839,0.019895,0.872677,-0.983582,0.873032,-0.970319
42.6017,-0.000921714,-0.0124172,2.99384,-3,0.00138257,0.0186258,0.87299,-0.983011,0.873912,-0.970594
42.6218,-0.000752675,-0.0120032,2.99308,-3,0.00112901,0.0180047,0.873159,-0.982597,0.873912,-0.970594
42.6417,-0.000841772,-0.0112402,2.99224,-3,0.00126266,0.0168603,0.873372,-0.981936,0.874214,-0.970695
42.6617,-0.00104612,-0.0121295,2.9912,-3,0.00156918,0.0181943,0.873489,-0.981468,0.874535,-0.969338
42.6817,0.000921308,-0.0127417,2.99212,-3,-0.00138196,0.0191126,0.875457,-0.98208,0.874535,-0.969338
42.7017,0.00147866,-0.0123557,2.9936,-3,-0.002218,0.0185336,0.877273,-0.982854,0.875794,-0.970499
42.7217,0.00402921,-0.0133768,2.99763,-3,-0.00604381,0.0200651,0.879824,-0.983875,0.875794,-0.970499
42.7417,0.000720128,-0.0125443,2.99835,-3,-0.00108019,0.0188164,0.881415,-0.984468,0.880695,-0.971924
42.7617,0.000230528,-0.0113327,2.99858,-3,-0.000345792,0.0169991,0.883652,-0.985234,0.883421,-0.973901
42.7818,0.00162665,-0.0117658,3,-3,-0.00243997,0.0176487,0.885048,-0.985667,0.883421,-0.973901
42.8017,0.00148974,-0.0127275,3,-3,-0.00223462,0.0190912,0.887534,-0.986372,0.886045,-0.973644
42.8218,0.00372164,-0.013344,3,-3,-0.00558246,0.020016,0.889766,-0.986988,0.886045,-0.973644
42.8418,0.003996,-0.0112564,3,-3,-0.005994,0.0168846,0.892902,-0.987809,0.888906,-0.976553
42.8617,-0.000719098,-0.0119428,2.99928,-3,0.00107865,0.0179142,0.895808,-0.988506,0.896527,-0.976563
42.8818,0.00109807,-0.0123433,3,-3,-0.0016471,0.0185149,0.897625,-0.988907,0.896527,-0.976563
42.9017,0.00200514,-0.0128863,3,-3,-0.0030077,0.0193295,0.899361,-0.98926,0.897356,-0.976374
42.9217,0.00419292,-0.0136518,3,-3,-0.00628939,0.0204777,0.901549,-0.990025,0.897356,-0.976374
42.9417,0.00364171,-0.0113018,3,-3,-0.00546257,0.0169526,0.902566,-0.990892,0.898924,-0.97959
42.9617,0.00266387,-0.0126334,3,-3,-0.00399581,0.0189501,0.903999,-0.992094,0.901335,-0.979461
42.9818,0.00356903,-0.0133837,3,-3,-0.00535354,0.0200755,0.904904,-0.992844,0.901335,-0.979461
43.0017,0.00483163,-0.014407,3,-3,-0.00724745,0.0216106,0.906167,-0.993868,0.901335,-0.979461
43.0217,0.00561228,-0.0150238,3,-3,-0.00841842,0.0225358,0.906948,-0.994485,0.901335,-0.979461
43.0417,0.00672021,-0.0158559,3,-3,-0.0100803,0.0237838,0.908055,-0.995317,0.901335,-0.979461
43.0617,0.00853457,-0.0155301,3,-3,-0.0128019,0.0232951,0.90987,-0.994991,0.901335,-0.979461
43.0819,0.0110831,-0.0150176,3,-3,-0.0166247,0.0225264,0.912418,-0.994478,0.901335,-0.979461
43.1017,0.00392724,-0.010017,3,-3,-0.00589086,0.0150254,0.914009,-0.994119,0.910081,-0.984102
43.1217,0.00619925,-0.00949214,3,-3,-0.00929888,0.0142382,0.916281,-0.993594,0.910081,-0.984102
43.1422,0.00761737,-0.00912205,3,-3,-0.011426,0.0136831,0.917699,-0.993224,0.910081,-0.984102
43.162,0.0096078,-0.00853471,3,-3,-0.0144117,0.0128021,0.919689,-0.992637,0.910081,-0.984102
43.1817,0.0110653,-0.00835482,3,-3,-0.016598,0.0125322,0.921147,-0.992457,0.910081,-0.984102
43.2017,0.0134242,-0.0083708,3,-3,-0.0201363,0.0125562,0.923506,-0.992473,0.910081,-0.984102
43.2217,0.0148946,-0.00833432,3,-3,-0.0223418,0.0125015,0.924976,-0.992437,0.910081,-0.984102
43.2417,0.0169755,-0.0082107,3,-3,-0.0254632,0.012316,0.927057,-0.992313,0.910081,-0.984102
43.2617,0.0182977,-0.00808297,3,-3,-0.0274466,0.0121244,0.928379,-0.992185,0.910081,-0.984102
43.2818,0.0201458,-0.00783549,3,-3,-0.0302188,0.0117532,0.930227,-0.991938,0.910081,-0.984102
43.3017,0.00476863,-0.0139103,3,-3,-0.00715294,0.0208655,0.931821,-0.992166,0.927052,-0.978256
43.3218,0.00764586,-0.0148068,3,-3,-0.0114688,0.0222102,0.934698,-0.993063,0.927052,-0.978256
43.3418,0.00441437,-0.0121966,3,-3,-0.00662155,0.0182949,0.936488,-0.993592,0.932074,-0.981396
43.3617,0.00691973,-0.0128914,3,-3,-0.0103796,0.019337,0.938994,-0.994287,0.932074,-0.981396
43.3817,0.00847535,-0.0132931,3,-3,-0.012713,0.0199396,0.940549,-0.994689,0.932074,-0.981396
43.4017,0.0106844,-0.0137583,3,-3,-0.0160265,0.0206375,0.942758,-0.995154,0.932074,-0.981396
43.4234,0.0120545,-0.0140151,3,-3,-0.0180818,0.0210227,0.944129,-0.995411,0.932074,-0.981396
43.4418,0.0141936,-0.0146641,3,-3,-0.0212905,0.0219962,0.946268,-0.99606,0.932074,-0.981396
43.4617,0.0155179,-0.015041,3,-3,-0.0232769,0.0225615,0.947592,-0.996437,0.932074,-0.981396
43.4818,0.0167655,-0.0153751,3,-3,-0.0251483,0.0230626,0.94884,-0.996771,0.932074,-0.981396
43.5017,0.00310911,-0.00960609,3,-3,-0.00466366,0.0144091,0.950565,-0.99719,0.947456,-0.987584
43.5218,0.00416691,-0.00983384,3,-3,-0.00625036,0.0147508,0.951623,-0.997418,0.947456,-0.987584
43.5417,0.00561095,-0.0101208,3,-3,-0.00841643,0.0151813,0.953067,-0.997705,0.947456,-0.987584
43.5617,0.00562931,-0.0112861,3,-3,-0.00844396,0.0169292,0.953085,-0.99887,0.947456,-0.987584
43.5817,0.00291447,-0.0107703,3,-3,-0.0043717,0.0161554,0.953069,-0.999562,0.950154,-0.988792
43.6017,0.00222293,-0.0116742,3,-3,-0.00333439,0.0175113,0.952992,-1.00048,0.950769,-0.988807
43.6217,0.000890789,-0.0113173,3,-3,-0.00133618,0.0169759,0.952948,-1.00076,0.952057,-0.98944
43.6418,0.000730571,-0.0120602,3,-3,-0.00109586,0.0180903,0.952788,-1.0015,0.952057,-0.98944
43.6617,5.89274e-05,-0.0106806,3,-3,-8.83912e-05,0.0160209,0.952657,-1.00193,0.952598,-0.991246
43.6818,0.000411012,-0.0117599,3,-3,-0.000616518,0.0176399,0.953009,-1.00301,0.952598,-0.991246
43.7018,-0.000364073,-0.0121829,2.99964,-3,0.000546109,0.0182743,0.953961,-1.00435,0.954325,-0.992163
43.7217,-0.000559939,-0.0111031,2.99908,-3,0.000839908,0.0166547,0.955274,-1.00619,0.955834,-0.995086
43.7418,0.000243472,-0.0122271,2.99932,-3,-0.000365208,0.0183407,0.956077,-1.00731,0.955834,-0.995086
43.7618,-0.00139831,-0.0101249,2.99792,-3,0.00209746,0.0151873,0.957167,-1.00885,0.958565,-0.998728
43.7818,-0.000737949,-0.0110597,2.99718,-3,0.00110692,0.0165896,0.957827,-1.00979,0.958565,-0.998728
43.8017,0.00016828,-0.0123316,2.99735,-3,-0.000252421,0.0184973,0.958734,-1.01106,0.958565,-0.998728
43.8218,0.000700669,-0.0130447,2.99805,-3,-0.001051,0.019567,0.959266,-1.01177,0.958565,-0.998728
43.8418,-0.00288452,-0.010563,2.99517,-3,0.00432678,0.0158445,0.959973,-1.01277,0.962858,-1.00221
43.8618,-0.00484936,-0.0103184,2.99032,-3,0.00727403,0.0154776,0.960399,-1.01337,0.965248,-1.00305
43.8817,-0.00427691,-0.0111231,2.98604,-3,0.00641537,0.0166846,0.960971,-1.01418,0.965248,-1.00305
43.9021,-0.00545617,-0.00982002,2.98058,-3,0.00818426,0.01473,0.961291,-1.01464,0.966747,-1.00482
43.9217,-0.00597414,-0.0086087,2.97461,-3,0.00896121,0.0129131,0.961712,-1.01526,0.967686,-1.00665
43.9418,-0.00414422,-0.00874281,2.97047,-3,0.00621632,0.0131142,0.963542,-1.01539,0.967686,-1.00665
43.9618,-0.00573423,-0.00810168,2.96473,-3,0.00860135,0.0121525,0.966111,-1.01554,0.971846,-1.00743
43.9817,-0.00412759,-0.00815663,2.9606,-3,0.00619138,0.012235,0.967718,-1.01559,0.971846,-1.00743
44.0017,-0.00533088,-0.00836339,2.95527,-3,0.00799632,0.0125451,0.969971,-1.01562,0.975302,-1.00726
44.0217,-0.0096402,-0.0086542,2.94563,-3,0.0144603,0.0129813,0.971376,-1.01561,0.981016,-1.00696
44.0418,-0.00767914,-0.00859352,2.93795,-3,0.0115187,0.0128903,0.973337,-1.01555,0.981016,-1.00696
44.0617,-0.0101222,-0.007439,2.92783,-3,0.0151833,0.0111585,0.974345,-1.0154,0.984467,-1.00796
44.0818,-0.00901931,-0.00705371,2.91881,-3,0.013529,0.0105806,0.975447,-1.01502,0.984467,-1.00796
44.1018,-0.00835579,-0.00677512,2.91046,-3,0.0125337,0.0101627,0.976111,-1.01474,0.984467,-1.00796
44.1217,-0.00746232,-0.00632725,2.90299,-3,0.0111935,0.00949088,0.977004,-1.01429,0.984467,-1.00796
44.1418,-0.00956913,-0.00661533,2.89343,-3,0.0143537,0.009923,0.977554,-1.01397,0.987123,-1.00736
44.1617,-0.0125737,-0.00527691,2.88085,-3,0.0188606,0.00791537,0.978314,-1.01347,0.990888,-1.00819
44.1818,-0.0121104,-0.0049293,2.86874,-3,0.0181656,0.00739395,0.978777,-1.01312,0.990888,-1.00819
44.2017,-0.0121529,-0.00696062,2.85659,-3,0.0182293,0.0104409,0.979337,-1.01358,0.99149,-1.00662
44.2217,-0.0118065,-0.00721859,2.84478,-3,0.0177097,0.0108279,0.979684,-1.01384,0.99149,-1.00662
44.2417,-0.0125789,-0.00486545,2.8322,-3,0.0188683,0.00729818,0.98016,-1.01416,0.992739,-1.0093
44.2617,-0.0139552,-0.00319052,2.81825,-3,0.0209328,0.00478578,0.980453,-1.01434,0.994408,-1.01115
44.2817,-0.0135467,-0.00339854,2.8047,-3,0.0203201,0.00509781,0.980861,-1.01454,0.994408,-1.01115
44.3017,-0.0142357,-0.00230881,2.79047,-3,0.0213535,0.00346322,0.981114,-1.01465,0.99535,-1.01234
44.3217,-0.0149727,-0.00328561,2.77549,-3,0.0224591,0.00492842,0.980377,-1.01563,0.99535,-1.01234
44.3417,-0.0156767,-0.00234638,2.75982,-3,0.023515,0.00351957,0.979918,-1.01622,0.995595,-1.01388
44.3617,-0.0169999,-0.00116105,2.74282,-3,0.0254998,0.00174157,0.979277,-1.01704,0.996277,-1.01587
44.3817,-0.0174408,-0.00164563,2.72538,-3,0.0261612,0.00246845,0.978836,-1.01752,0.996277,-1.01587
44.4017,-0.016763,-0.00298669,2.70861,-3,0.0251445,0.00448004,0.978154,-1.01816,0.994917,-1.01518
44.4217,-0.0188372,-0.00164989,2.68978,-3,0.0282558,0.00247484,0.977728,-1.01855,0.996565,-1.0169
44.4417,-0.0197432,-0.00132064,2.67003,-3,0.0296149,0.00198095,0.976822,-1.01822,0.996565,-1.0169
44.4617,-0.0184425,-0.000571542,2.65159,-3,0.0276638,0.000857312,0.976144,-1.0177,0.994587,-1.01713
44.4818,-0.0194051,0.000221677,2.63218,-2.99978,0.0291076,-0.000332515,0.975182,-1.01691,0.994587,-1.01713
44.5017,-0.0196859,0.00181349,2.6125,-2.99796,0.0295288,-0.00272023,0.974574,-1.01637,0.99426,-1.01818
44.5217,-0.0205577,0.00268705,2.59194,-2.99528,0.0308365,-0.00403058,0.973703,-1.0155,0.99426,-1.01818
44.5417,-0.0205531,0.00178802,2.57139,-2.99349,0.0308296,-0.00268204,0.97315,-1.01489,0.993703,-1.01668
44.5617,-0.0220463,0.000683282,2.54934,-2.99281,0.0330695,-0.00102492,0.970948,-1.01456,0.992994,-1.01525
44.5819,-0.0229821,0.000703786,2.52636,-2.9921,0.0344731,-0.00105568,0.970012,-1.01454,0.992994,-1.01525
44.6017,-0.022811,0.00333969,2.50355,-2.98876,0.0342164,-0.00500953,0.96647,-1.01441,0.989281,-1.01775
44.622,-0.0226336,0.00217655,2.48091,-2.98659,0.0339503,-0.00326482,0.964811,-1.0143,0.987444,-1.01648
44.6418,-0.0234365,0.00223734,2.45748,-2.98435,0.0351547,-0.00335601,0.964008,-1.01424,0.987444,-1.01648
44.6617,-0.0211144,0.00439208,2.43636,-2.97996,0.0316715,-0.00658812,0.9617,-1.01403,0.982815,-1.01842
44.6818,-0.0226007,0.00455432,2.41376,-2.9754,0.0339011,-0.00683149,0.960214,-1.01386,0.982815,-1.01842
44.7018,-0.0245996,0.00482553,2.38916,-2.97058,0.0368993,-0.00723829,0.958215,-1.01359,0.982815,-1.01842
44.7218,-0.0258231,0.00502055,2.36334,-2.96556,0.0387346,-0.00753083,0.956992,-1.0134,0.982815,-1.01842
44.7418,-0.0275434,0.00533479,2.3358,-2.96022,0.0413151,-0.00800218,0.955271,-1.01308,0.982815,-1.01842
44.7618,-0.0223884,0.00606268,2.31341,-2.95416,0.0335827,-0.00909401,0.954208,-1.01286,0.976597,-1.01892
44.7819,-0.0238898,0.00641351,2.28952,-2.94775,0.0358347,-0.00962026,0.952707,-1.01251,0.976597,-1.01892
44.8018,-0.0241202,0.00682759,2.2654,-2.94092,0.0361802,-0.0102414,0.951766,-1.01227,0.975887,-1.01909
44.8218,-0.0238055,0.00621515,2.24159,-2.9347,0.0357083,-0.00932272,0.95081,-1.01157,0.974615,-1.01779
44.8418,-0.0239638,0.00710218,2.21763,-2.9276,0.0359457,-0.0106533,0.950652,-1.01068,0.974615,-1.01779
44.8618,-0.0240156,0.00891353,2.19361,-2.91869,0.0360233,-0.0133703,0.950447,-1.0094,0.974463,-1.01831
44.8818,-0.024141,0.00974239,2.16947,-2.90894,0.0362116,-0.0146136,0.950322,-1.00857,0.974463,-1.01831
44.9018,-0.0243494,0.00905292,2.14512,-2.89989,0.0365241,-0.0135794,0.95015,-1.00737,0.974499,-1.01642
44.9218,-0.0244421,0.00982778,2.12068,-2.89006,0.0366632,-0.0147417,0.950057,-1.00659,0.974499,-1.01642
44.9423,-0.0247723,0.0112404,2.09591,-2.87882,0.0371585,-0.0168606,0.949727,-1.00518,0.974499,-1.01642
44.9621,-0.0237804,0.00983878,2.07213,-2.86898,0.0356706,-0.0147582,0.949182,-1.0039,0.972963,-1.01374
44.9818,-0.0245317,0.0116897,2.0476,-2.85729,0.0367976,-0.0175346,0.948431,-1.00205,0.972963,-1.01374
45.0018,-0.0241585,0.0116794,2.02344,-2.84562,0.0362377,-0.0175191,0.947971,-1.00086,0.97213,-1.01254
45.0218,-0.0236189,0.010894,1.99982,-2.83472,0.0354284,-0.016341,0.947349,-0.999139,0.970968,-1.01003
45.0419,-0.0239845,0.0119951,1.97583,-2.82273,0.0359768,-0.0179927,0.946983,-0.998038,0.970968,-1.01003
45.0618,-0.0223073,0.0107849,1.95353,-2.81194,0.0334609,-0.0161773,0.946486,-0.996446,0.968793,-1.00723
45.082,-0.0228346,0.0129954,1.93069,-2.79895,0.034252,-0.019493,0.945959,-0.994236,0.968793,-1.00723
45.1018,-0.0220257,0.0125952,1.90867,-2.78635,0.0330385,-0.0188928,0.945228,-0.991114,0.967254,-1.00371
45.1218,-0.0227949,0.0121389,1.88587,-2.77421,0.0341923,-0.0182083,0.944784,-0.989122,0.967579,-1.00126
45.1418,-0.0234006,0.0150015,1.86247,-2.75921,0.0351009,-0.0225023,0.944179,-0.986259,0.967579,-1.00126
45.1618,-0.0237715,0.0168251,1.8387,-2.74239,0.0356572,-0.0252377,0.943808,-0.984436,0.967579,-1.00126
45.1818,-0.0242814,0.0194385,1.81442,-2.72295,0.0364222,-0.0291577,0.943298,-0.981822,0.967579,-1.00126
45.2018,-0.0246686,0.0209508,1.78975,-2.702,0.0370029,-0.0314263,0.942911,-0.98031,0.967579,-1.00126
45.2218,-0.0196937,0.0131559,1.77006,-2.68884,0.0295405,-0.0197338,0.942262,-0.978368,0.961955,-0.991524
45.2418,-0.020102,0.0144231,1.74995,-2.67442,0.0301531,-0.0216346,0.941853,-0.977101,0.961955,-0.991524
45.2618,-0.0197009,0.0127342,1.73025,-2.66168,0.0295513,-0.0191013,0.941293,-0.975288,0.960993,-0.988022
45.2818,-0.0200415,0.0138845,1.71021,-2.6478,0.0300623,-0.0208268,0.940952,-0.974138,0.960993,-0.988022
45.3018,-0.0205035,0.0155149,1.68971,-2.63228,0.0307552,-0.0232723,0.94049,-0.972508,0.960993,-0.988022
45.3218,-0.0189787,0.0141956,1.67073,-2.61809,0.0284681,-0.0212935,0.940635,-0.972124,0.959614,-0.986319
45.3418,-0.018136,0.0138133,1.65259,-2.60427,0.0272039,-0.0207199,0.941478,-0.972506,0.959614,-0.986319
45.3618,-0.0173798,0.0139544,1.63521,-2.59032,0.0260697,-0.0209316,0.942027,-0.972755,0.959407,-0.986709
45.3818,-0.0165532,0.013594,1.61866,-2.57673,0.0248298,-0.020391,0.942854,-0.973115,0.959407,-0.986709
45.4018,-0.0164415,0.0135973,1.60222,-2.56313,0.0246623,-0.020396,0.943394,-0.973353,0.959836,-0.986951
45.4218,-0.0170403,0.0131637,1.58518,-2.54996,0.0255605,-0.0197455,0.944191,-0.973711,0.961231,-0.986874
45.4418,-0.016519,0.0129234,1.56866,-2.53704,0.0247785,-0.0193851,0.944712,-0.973951,0.961231,-0.986874
45.4618,-0.0139953,0.0129861,1.55466,-2.52406,0.0209929,-0.0194792,0.946175,-0.972928,0.96017,-0.985914
45.4818,-0.0139168,0.0133094,1.54075,-2.51075,0.0208752,-0.0199641,0.94712,-0.972298,0.961037,-0.985607
45.5018,-0.0125385,0.0141985,1.52821,-2.49655,0.0188078,-0.0212977,0.948498,-0.971409,0.961037,-0.985607
45.5218,-0.0144009,0.0118773,1.51381,-2.48467,0.0216014,-0.017816,0.949392,-0.97084,0.963793,-0.982717
45.5418,-0.0130994,0.0126668,1.50071,-2.472,0.0196491,-0.0190002,0.950693,-0.97005,0.963793,-0.982717
45.5618,-0.0123673,0.0121289,1.48834,-2.45987,0.0185509,-0.0181934,0.951536,-0.969564,0.963904,-0.981693
45.5818,-0.0124359,0.0122951,1.47591,-2.44758,0.0186538,-0.0184426,0.951468,-0.969398,0.963904,-0.981693
45.6018,-0.0116281,0.0118971,1.46428,-2.43568,0.0174422,-0.0178457,0.951442,-0.969309,0.96307,-0.981207
45.6218,-0.0106496,0.0106457,1.45363,-2.42504,0.0159744,-0.0159686,0.951426,-0.969208,0.962076,-0.979854
45.6418,-0.010647,0.0106927,1.44298,-2.41434,0.0159705,-0.016039,0.951429,-0.969161,0.962076,-0.979854
45.6618,-0.00997857,0.0105879,1.433,-2.40376,0.0149679,-0.0158818,0.951472,-0.969113,0.96145,-0.979701
45.6818,-0.00938735,0.00890671,1.42362,-2.39485,0.014081,-0.0133601,0.951517,-0.969097,0.960904,-0.978004
45.7018,-0.00951699,0.00837813,1.4141,-2.38647,0.0142755,-0.0125672,0.951387,-0.969626,0.960904,-0.978004
45.7218,-0.0096579,0.00785308,1.40444,-2.37862,0.0144868,-0.0117796,0.951246,-0.970151,0.960904,-0.978004
45.7418,-0.00985191,0.00708662,1.39459,-2.37153,0.0147779,-0.0106299,0.951052,-0.970917,0.960904,-0.978004
45.7618,-0.00996826,0.00658535,1.38462,-2.36495,0.0149524,-0.00987802,0.950936,-0.971419,0.960904,-0.978004
45.7818,-0.010122,0.00584196,1.3745,-2.3591,0.015183,-0.00876293,0.950782,-0.972162,0.960904,-0.978004
45.8018,-0.0102533,0.00510953,1.36424,-2.354,0.0153799,-0.0076643,0.950651,-0.972895,0.960904,-0.978004
45.8218,-0.0108243,0.0045176,1.35342,-2.34948,0.0162364,-0.0067764,0.95008,-0.973486,0.960904,-0.978004
45.8418,-0.0117997,0.00379972,1.34162,-2.34568,0.0176995,-0.00569958,0.949104,-0.974204,0.960904,-0.978004
45.8618,-0.0131718,0.00275587,1.32845,-2.34292,0.0197577,-0.0041338,0.947732,-0.975248,0.960904,-0.978004
45.8818,-0.01403,0.00208233,1.31442,-2.34084,0.021045,-0.0031235,0.946874,-0.975922,0.960904,-0.978004
45.9017,-0.0152576,0.00109421,1.29916,-2.33975,0.0228864,-0.00164131,0.945646,-0.97691,0.960904,-0.978004
45.9218,-0.0160261,0.000457511,1.28314,-2.33929,0.0240392,-0.000686266,0.944878,-0.977547,0.960904,-0.978004
45.942,-0.0160261,0.000457511,1.26711,-2.33883,0.0240392,-0.000686266,0.944878,-0.977547,0.960904,-0.978004
45.9618,-0.016529,-0.000404491,1.25058,-2.33924,0.0247935,0.000606737,0.944375,-0.978409,0.960904,-0.978004
45.9818,-0.0160637,-0.000854805,1.23452,-2.34009,0.0240955,0.00128221,0.94484,-0.978859,0.960904,-0.978004
46.002,-0.0160637,-0.000854805,1.21845,-2.34094,0.0240955,0.00128221,0.94484,-0.978859,0.960904,-0.978004
46.0218,-0.0160637,-0.000854805,1.20239,-2.3418,0.0240955,0.00128221,0.94484,-0.978859,0.960904,-0.978004
46.0418,-0.0160637,-0.000854805,1.18633,-2.34265,0.0240955,0.00128221,0.94484,-0.978859,0.960904,-0.978004
46.0618,-0.0160637,-0.000854805,1.17026,-2.34351,0.0240955,0.00128221,0.94484,-0.978859,0.960904,-0.978004
46.0818,-0.0160637,-0.000854805,1.1542,-2.34436,0.0240955,0.00128221,0.94484,-0.978859,0.960904,-0.978004
46.1018,-0.0160637,-0.000854805,1.13813,-2.34522,0.0240955,0.00128221,0.94484,-0.978859,0.960904,-0.978004
46.1218,-0.0160637,-0.000854805,1.12207,-2.34607,0.0240955,0.00128221,0.94484,-0.978859,0.960904,-0.978004
46.1418,-0.0160637,-0.000854805,1.10601,-2.34693,0.0240955,0.00128221,0.94484,-0.978859,0.960904,-0.978004
46.1618,-0.0160637,-0.000854805,1.08994,-2.34778,0.0240955,0.00128221,0.94484,-0.978859,0.960904,-0.978004
46.1818,-0.0160637,-0.000854805,1.07388,-2.34864,0.0240955,0.00128221,0.94484,-0.978859,0.960904,-0.978004
46.2018,-0.0160637,-0.000854805,1.05782,-2.34949,0.0240955,0.00128221,0.94484,-0.978859,0.960904,-0.978004
46.2218,-0.0160637,-0.000854805,1.04175,-2.35035,0.0240955,0.00128221,0.94484,-0.978859,0.960904,-0.978004
46.2418,-0.0160637,-0.000854805,1.02569,-2.3512,0.0240955,0.00128221,0.94484,-0.978859,0.960904,-0.978004
46.2618,-0.0160637,-0.000854805,1.00962,-2.35206,0.0240955,0.00128221,0.94484,-0.978859,0.960904,-0.978004
46.2818,-0.0160637,-0.000854805,0.993561,-2.35291,0.0240955,0.00128221,0.94484,-0.978859,0.960904,-0.978004
46.3018,-0.0160637,-0.000854805,0.977498,-2.35377,0.0240955,0.00128221,0.94484,-0.978859,0.960904,-0.978004
46.3218,-0.0160637,-0.000854805,0.961434,-2.35462,0.0240955,0.00128221,0.94484,-0.978859,0.960904,-0.978004
46.3418,-0.0160637,-0.000854805,0.94537,-2.35547,0.0240955,0.00128221,0.94484,-0.978859,0.960904,-0.978004
46.3618,-0.0160637,-0.000854805,0.929307,-2.35633,0.0240955,0.00128221,0.94484,-0.978859,0.960904,-0.978004
46.3818,-0.0160637,-0.000854805,0.913243,-2.35718,0.0240955,0.00128221,0.94484,-0.978859,0.960904,-0.978004
46.4018,-0.0160637,-0.000854805,0.897179,-2.35804,0.0240955,0.00128221,0.94484,-0.978859,0.960904,-0.978004
46.422,-0.0160637,-0.000854805,0.881115,-2.35889,0.0240955,0.00128221,0.94484,-0.978859,0.960904,-0.978004
46.4418,-0.0160637,-0.000854805,0.865052,-2.35975,0.0240955,0.00128221,0.94484,-0.978859,0.960904,-0.978004
46.4618,-0.0160637,-0.000854805,0.848988,-2.3606,0.0240955,0.00128221,0.94484,-0.978859,0.960904,-0.978004
46.4818,-0.0160637,-0.000854805,0.832924,-2.36146,0.0240955,0.00128221,0.94484,-0.978859,0.960904,-0.978004
46.5018,-0.0160637,-0.000854805,0.816861,-2.36231,0.0240955,0.00128221,0.94484,-0.978859,0.960904,-0.978004
46.5218,-0.0160637,-0.000854805,0.800797,-2.36317,0.0240955,0.00128221,0.94484,-0.978859,0.960904,-0.978004
46.5418,-0.0160637,-0.000854805,0.784733,-2.36402,0.0240955,0.00128221,0.94484,-0.978859,0.960904,-0.978004
46.5618,-0.0160637,-0.000854805,0.76867,-2.36488,0.0240955,0.00128221,0.94484,-0.978859,0.960904,-0.978004
46.5818,-0.0160637,-0.000854805,0.752606,-2.36573,0.0240955,0.00128221,0.94484,-0.978859,0.960904,-0.978004
46.6018,-0.0160637,-0.000854805,0.736542,-2.36659,0.0240955,0.00128221,0.94484,-0.978859,0.960904,-0.978004
46.6218,-0.0160637,-0.000854805,0.720479,-2.36744,0.0240955,0.00128221,0.94484,-0.978859,0.960904,-0.978004
46.6418,-0.0160637,-0.000854805,0.704415,-2.3683,0.0240955,0.00128221,0.94484,-0.978859,0.960904,-0.978004
46.6618,-0.0160637,-0.000854805,0.688351,-2.36915,0.0240955,0.00128221,0.94484,-0.978859,0.960904,-0.978004
46.6818,-0.0160637,-0.000854805,0.672287,-2.37001,0.0240955,0.00128221,0.94484,-0.978859,0.960904,-0.978004
46.7018,-0.0160637,-0.000854805,0.656224,-2.37086,0.0240955,0.00128221,0.94484,-0.978859,0.960904,-0.978004
46.7218,-0.0160637,-0.000854805,0.64016,-2.37171,0.0240955,0.00128221,0.94484,-0.978859,0.960904,-0.978004
46.7418,-0.0160637,-0.000854805,0.624096,-2.37257,0.0240955,0.00128221,0.94484,-0.978859,0.960904,-0.978004
46.7618,-0.0160637,-0.000854805,0.608033,-2.37342,0.0240955,0.00128221,0.94484,-0.978859,0.960904,-0.978004
46.7818,-0.0160637,-0.000854805,0.591969,-2.37428,0.0240955,0.00128221,0.94484,-0.978859,0.960904,-0.978004
46.8018,-0.0160637,-0.000854805,0.575905,-2.37513,0.0240955,0.00128221,0.94484,-0.978859,0.960904,-0.978004
46.8218,-0.0160637,-0.000854805,0.559842,-2.37599,0.0240955,0.00128221,0.94484,-0.978859,0.960904,-0.978004
46.8418,-0.0160637,-0.000854805,0.543778,-2.37684,0.0240955,0.00128221,0.94484,-0.978859,0.960904,-0.978004
46.8618,-0.0160637,-0.000854805,0.527714,-2.3777,0.0240955,0.00128221,0.94484,-0.978859,0.960904,-0.978004
46.8818,-0.0160637,-0.000854805,0.511651,-2.37855,0.0240955,0.00128221,0.94484,-0.978859,0.960904,-0.978004
46.9018,-0.0160637,-0.000854805,0.495587,-2.37941,0.0240955,0.00128221,0.94484,-0.978859,0.960904,-0.978004
46.9218,-0.0160637,-0.000854805,0.479523,-2.38026,0.0240955,0.00128221,0.94484,-0.978859,0.960904,-0.978004
46.9418,-0.0160637,-0.000854805,0.46346,-2.38112,0.0240955,0.00128221,0.94484,-0.978859,0.960904,-0.978004
46.9618,-0.0160637,-0.000854805,0.447396,-2.38197,0.0240955,0.00128221,0.94484,-0.978859,0.960904,-0.978004
46.9818,-0.0160637,-0.000854805,0.431332,-2.38283,0.0240955,0.00128221,0.94484,-0.978859,0.960904,-0.978004
47.0018,-0.0160637,-0.000854805,0.415269,-2.38368,0.0240955,0.00128221,0.94484,-0.978859,0.960904,-0.978004
47.0218,-0.0160637,-0.000854805,0.399205,-2.38454,0.0240955,0.00128221,0.94484,-0.978859,0.960904,-0.978004
47.0418,-0.0160637,-0.000854805,0.383141,-2.38539,0.0240955,0.00128221,0.94484,-0.978859,0.960904,-0.978004
47.0618,-0.0160637,-0.000854805,0.367078,-2.38625,0.0240955,0.00128221,0.94484,-0.978859,0.960904,-0.978004
47.0818,-0.0160637,-0.000854805,0.351014,-2.3871,0.0240955,0.00128221,0.94484,-0.978859,0.960904,-0.978004
47.1018,-0.0160637,-0.000854805,0.33495,-2.38795,0.0240955,0.00128221,0.94484,-0.978859,0.960904,-0.978004
47.1218,-0.0160637,-0.000854805,0.318887,-2.38881,0.0240955,0.00128221,0.94484,-0.978859,0.960904,-0.978004
47.1418,-0.0160637,-0.000854805,0.302823,-2.38966,0.0240955,0.00128221,0.94484,-0.978859,0.960904,-0.978004
47.1618,-0.0160637,-0.000854805,0.286759,-2.39052,0.0240955,0.00128221,0.94484,-0.978859,0.960904,-0.978004
47.1818,-0.0160637,-0.000854805,0.270696,-2.39137,0.0240955,0.00128221,0.94484,-0.978859,0.960904,-0.978004
47.2018,-0.0160637,-0.000854805,0.254632,-2.39223,0.0240955,0.00128221,0.94484,-0.978859,0.960904,-0.978004
47.2218,-0.0160637,-0.000854805,0.238568,-2.39308,0.0240955,0.00128221,0.94484,-0.978859,0.960904,-0.978004
47.2418,-0.0160637,-0.000854805,0.222505,-2.39394,0.0240955,0.00128221,0.94484,-0.978859,0.960904,-0.978004
47.2618,-0.0160637,-0.000854805,0.206441,-2.39479,0.0240955,0.00128221,0.94484,-0.978859,0.960904,-0.978004
47.2818,-0.0160637,-0.000854805,0.190377,-2.39565,0.0240955,0.00128221,0.94484,-0.978859,0.960904,-0.978004
47.3018,-0.0160637,-0.000854805,0.174314,-2.3965,0.0240955,0.00128221,0.94484,-0.978859,0.960904,-0.978004
47.3218,-0.0160637,-0.000854805,0.15825,-2.39736,0.0240955,0.00128221,0.94484,-0.978859,0.960904,-0.978004
47.3418,-0.0160637,-0.000854805,0.142186,-2.39821,0.0240955,0.00128221,0.94484,-0.978859,0.960904,-0.978004
47.3618,-0.0160637,-0.000854805,0.126123,-2.39907,0.0240955,0.00128221,0.94484,-0.978859,0.960904,-0.978004
47.3818,-0.0160637,-0.000854805,0.110059,-2.39992,0.0240955,0.00128221,0.94484,-0.978859,0.960904,-0.978004
47.4018,-0.0160637,-0.000854805,0.0939954,-2.40078,0.0240955,0.00128221,0.94484,-0.978859,0.960904,-0.978004
47.4218,-0.0160637,-0.000854805,0.0779317,-2.40163,0.0240955,0.00128221,0.94484,-0.978859,0.960904,-0.978004
47.4418,-0.0160637,-0.000854805,0.061868,-2.40249,0.0240955,0.00128221,0.94484,-0.978859,0.960904,-0.978004
47.4618,-0.0160637,-0.000854805,0.0458044,-2.40334,0.0240955,0.00128221,0.94484,-0.978859,0.960904,-0.978004
47.4818,-0.0160637,-0.000854805,0.0297407,-2.40419,0.0240955,0.00128221,0.94484,-0.978859,0.960904,-0.978004
47.5018,-0.0160637,-0.000854805,0.013677,-2.40505,0.0240955,0.00128221,0.94484,-0.978859,0.960904,-0.978004
47.5218,-0.0160637,-0.000854805,-0.00238662,-2.4059,0.0240955,0.00128221,0.94484,-0.978859,0.960904,-0.978004
47.5418,-0.0160637,-0.000854805,-0.0184503,-2.40676,0.0240955,0.00128221,0.94484,-0.978859,0.960904,-0.978004
47.5618,-0.0160637,-0.000854805,-0.034514,-2.40761,0.0240955,0.00128221,0.94484,-0.978859,0.960904,-0.978004
47.5818,-0.0160637,-0.000854805,-0.0505776,-2.40847,0.0240955,0.00128221,0.94484,-0.978859,0.960904,-0.978004
47.6018,-0.0160637,-0.000854805,-0.0666413,-2.40932,0.0240955,0.00128221,0.94484,-0.978859,0.960904,-0.978004
47.6218,-0.0160637,-0.000854805,-0.082705,-2.41018,0.0240955,0.00128221,0.94484,-0.978859,0.960904,-0.978004
47.6418,-0.0160637,-0.000854805,-0.0987686,-2.41103,0.0240955,0.00128221,0.94484,-0.978859,0.960904,-0.978004
47.6618,-0.0160637,-0.000854805,-0.114832,-2.41189,0.0240955,0.00128221,0.94484,-0.978859,0.960904,-0.978004
47.6818,-0.0160637,-0.000854805,-0.130896,-2.41274,0.0240955,0.00128221,0.94484,-0.978859,0.960904,-0.978004
47.7018,-0.0160637,-0.000854805,-0.14696,-2.4136,0.0240955,0.00128221,0.94484,-0.978859,0.960904,-0.978004
47.7218,-0.0160637,-0.000854805,-0.163023,-2.41445,0.0240955,0.00128221,0.94484,-0.978859,0.960904,-0.978004
47.7418,-0.0160637,-0.000854805,-0.179087,-2.41531,0.0240955,0.00128221,0.94484,-0.978859,0.960904,-0.978004
47.7618,-0.0160637,-0.000854805,-0.195151,-2.41616,0.0240955,0.00128221,0.94484,-0.978859,0.960904,-0.978004
47.7818,-0.0160637,-0.000854805,-0.211214,-2.41702,0.0240955,0.00128221,0.94484,-0.978859,0.960904,-0.978004
47.8018,-0.0160637,-0.000854805,-0.227278,-2.41787,0.0240955,0.00128221,0.94484,-0.978859,0.960904,-0.978004
47.8219,-0.0160637,-0.000854805,-0.243342,-2.41873,0.0240955,0.00128221,0.94484,-0.978859,0.960904,-0.978004
47.8418,-0.0160637,-0.000854805,-0.259405,-2.41958,0.0240955,0.00128221,0.94484,-0.978859,0.960904,-0.978004
47.8618,-0.0160637,-0.000854805,-0.275469,-2.42043,0.0240955,0.00128221,0.94484,-0.978859,0.960904,-0.978004
47.8818,-0.0160637,-0.000854805,-0.291533,-2.42129,0.0240955,0.00128221,0.94484,-0.978859,0.960904,-0.978004
47.9018,-0.0160637,-0.000854805,-0.307596,-2.42214,0.0240955,0.00128221,0.94484,-0.978859,0.960904,-0.978004
47.9218,-0.0160637,-0.000854805,-0.32366,-2.423,0.0240955,0.00128221,0.94484,-0.978859,0.960904,-0.978004
47.9418,-0.0160637,-0.000854805,-0.339724,-2.42385,0.0240955,0.00128221,0.94484,-0.978859,0.960904,-0.978004
47.9618,-0.0160637,-0.000854805,-0.355787,-2.42471,0.0240955,0.00128221,0.94484,-0.978859,0.960904,-0.978004
47.9818,-0.0160637,-0.000854805,-0.371851,-2.42556,0.0240955,0.00128221,0.94484,-0.978859,0.960904,-0.978004
48.0018,-0.0160637,-0.000854805,-0.387915,-2.42642,0.0240955,0.00128221,0.94484,-0.978859,0.960904,-0.978004
48.0218,-0.0160637,-0.000854805,-0.403978,-2.42727,0.0240955,0.00128221,0.94484,-0.978859,0.960904,-0.978004
48.0418,-0.0160637,-0.000854805,-0.420042,-2.42813,0.0240955,0.00128221,0.94484,-0.978859,0.960904,-0.978004
48.0618,-0.0160637,-0.000854805,-0.436106,-2.42898,0.0240955,0.00128221,0.94484,-0.978859,0.960904,-0.978004
48.0818,-0.0160637,-0.000854805,-0.452169,-2.42984,0.0240955,0.00128221,0.94484,-0.978859,0.960904,-0.978004
48.1018,-0.0160637,-0.000854805,-0.468233,-2.43069,0.0240955,0.00128221,0.94484,-0.978859,0.960904,-0.978004
48.1218,-0.0160637,-0.000854805,-0.484297,-2.43155,0.0240955,0.00128221,0.94484,-0.978859,0.960904,-0.978004
48.1418,-0.0160637,-0.000854805,-0.50036,-2.4324,0.0240955,0.00128221,0.94484,-0.978859,0.960904,-0.978004
48.1618,-0.0160637,-0.000854805,-0.516424,-2.43326,0.0240955,0.00128221,0.94484,-0.978859,0.960904,-0.978004
48.1818,-0.0160637,-0.000854805,-0.532488,-2.43411,0.0240955,0.00128221,0.94484,-0.978859,0.960904,-0.978004
48.2018,-0.0160637,-0.000854805,-0.548551,-2.43496,0.0240955,0.00128221,0.94484,-0.978859,0.960904,-0.978004
48.2218,-0.0160637,-0.000854805,-0.564615,-2.43582,0.0240955,0.00128221,0.94484,-0.978859,0.960904,-0.978004
48.2418,-0.0160637,-0.000854805,-0.580679,-2.43667,0.0240955,0.00128221,0.94484,-0.978859,0.960904,-0.978004
48.2618,-0.0160637,-0.000854805,-0.596742,-2.43753,0.0240955,0.00128221,0.94484,-0.978859,0.960904,-0.978004
48.2818,-0.0160637,-0.000854805,-0.612806,-2.43838,0.0240955,0.00128221,0.94484,-0.978859,0.960904,-0.978004
48.3018,-0.0160637,-0.000854805,-0.62887,-2.43924,0.0240955,0.00128221,0.94484,-0.978859,0.960904,-0.978004
48.3218,-0.0160637,-0.000854805,-0.644933,-2.44009,0.0240955,0.00128221,0.94484,-0.978859,0.960904,-0.978004
48.3418,-0.0160637,-0.000854805,-0.660997,-2.44095,0.0240955,0.00128221,0.94484,-0.978859,0.960904,-0.978004
48.3618,-0.0160637,-0.000854805,-0.677061,-2.4418,0.0240955,0.00128221,0.94484,-0.978859,0.960904,-0.978004
48.3818,-0.0160637,-0.000854805,-0.693124,-2.44266,0.0240955,0.00128221,0.94484,-0.978859,0.960904,-0.978004
48.4018,-0.0160637,-0.000854805,-0.709188,-2.44351,0.0240955,0.00128221,0.94484,-0.978859,0.960904,-0.978004
48.4218,-0.0160637,-0.000854805,-0.725252,-2.44437,0.0240955,0.00128221,0.94484,-0.978859,0.960904,-0.978004
48.4418,-0.0160637,-0.000854805,-0.741316,-2.44522,0.0240955,0.00128221,0.94484,-0.978859,0.960904,-0.978004
48.4618,-0.0160637,-0.000854805,-0.757379,-2.44608,0.0240955,0.00128221,0.94484,-0.978859,0.960904,-0.978004
48.4818,-0.0160637,-0.000854805,-0.773443,-2.44693,0.0240955,0.00128221,0.94484,-0.978859,0.960904,-0.978004
48.5018,-0.0160637,-0.000854805,-0.789507,-2.44779,0.0240955,0.00128221,0.94484,-0.978859,0.960904,-0.978004
48.5218,-0.0160637,-0.000854805,-0.80557,-2.44864,0.0240955,0.00128221,0.94484,-0.978859,0.960904,-0.978004
48.5418,-0.0160637,-0.000854805,-0.821634,-2.4495,0.0240955,0.00128221,0.94484,-0.978859,0.960904,-0.978004
48.5618,-0.0160637,-0.000854805,-0.837698,-2.45035,0.0240955,0.00128221,0.94484,-0.978859,0.960904,-0.978004
48.5818,-0.0160637,-0.000854805,-0.853761,-2.4512,0.0240955,0.00128221,0.94484,-0.978859,0.960904,-0.978004
48.6018,-0.0160637,-0.000854805,-0.869825,-2.45206,0.0240955,0.00128221,0.94484,-0.978859,0.960904,-0.978004
48.6218,-0.0160637,-0.000854805,-0.885889,-2.45291,0.0240955,0.00128221,0.94484,-0.978859,0.960904,-0.978004
48.6418,-0.0160637,-0.000854805,-0.901952,-2.45377,0.0240955,0.00128221,0.94484,-0.978859,0.960904,-0.978004
48.6618,-0.0160637,-0.000854805,-0.918016,-2.45462,0.0240955,0.00128221,0.94484,-0.978859,0.960904,-0.978004
48.6818,-0.0160637,-0.000854805,-0.93408,-2.45548,0.0240955,0.00128221,0.94484,-0.978859,0.960904,-0.978004
48.7018,-0.0160637,-0.000854805,-0.950144,-2.45633,0.0240955,0.00128221,0.94484,-0.978859,0.960904,-0.978004
48.7219,-0.0160637,-0.000854805,-0.966207,-2.45719,0.0240955,0.00128221,0.94484,-0.978859,0.960904,-0.978004
48.7418,-0.0160637,-0.000854805,-0.982271,-2.45804,0.0240955,0.00128221,0.94484,-0.978859,0.960904,-0.978004
48.7618,-0.0160637,-0.000854805,-0.998335,-2.4589,0.0240955,0.00128221,0.94484,-0.978859,0.960904,-0.978004
48.7818,-0.0160637,-0.000854805,-1.0144,-2.45975,0.0240955,0.00128221,0.94484,-0.978859,0.960904,-0.978004
48.8019,-0.0160637,-0.000854805,-1.03046,-2.46061,0.0240955,0.00128221,0.94484,-0.978859,0.960904,-0.978004
48.8219,-0.0160637,-0.000854805,-1.04653,-2.46146,0.0240955,0.00128221,0.94484,-0.978859,0.960904,-0.978004
48.8419,-0.0160637,-0.000854805,-1.06259,-2.46232,0.0240955,0.00128221,0.94484,-0.978859,0.960904,-0.978004
48.8619,-0.0160637,-0.000854805,-1.07865,-2.46317,0.0240955,0.00128221,0.94484,-0.978859,0.960904,-0.978004
48.8818,-0.0160637,-0.000854805,-1.09472,-2.46403,0.0240955,0.00128221,0.94484,-0.978859,0.960904,-0.978004
48.9018,-0.0160637,-0.000854805,-1.11078,-2.46488,0.0240955,0.00128221,0.94484,-0.978859,0.960904,-0.978004
48.9219,-0.0160637,-0.000854805,-1.12684,-2.46574,0.0240955,0.00128221,0.94484,-0.978859,0.960904,-0.978004
48.9419,-0.0160637,-0.000854805,-1.14291,-2.46659,0.0240955,0.00128221,0.94484,-0.978859,0.960904,-0.978004
48.9619,-0.0160637,-0.000854805,-1.15897,-2.46744,0.0240955,0.00128221,0.94484,-0.978859,0.960904,-0.978004
48.9819,-0.0160637,-0.000854805,-1.17504,-2.4683,0.0240955,0.00128221,0.94484,-0.978859,0.960904,-0.978004
49.0019,-0.0160637,-0.000854805,-1.1911,-2.46915,0.0240955,0.00128221,0.94484,-0.978859,0.960904,-0.978004
49.0218,-0.0160637,-0.000854805,-1.20716,-2.47001,0.0240955,0.00128221,0.94484,-0.978859,0.960904,-0.978004
49.0418,-0.0160637,-0.000854805,-1.22323,-2.47086,0.0240955,0.00128221,0.94484,-0.978859,0.960904,-0.978004
49.0618,-0.0160637,-0.000854805,-1.23929,-2.47172,0.0240955,0.00128221,0.94484,-0.978859,0.960904,-0.978004
49.0818,-0.0160637,-0.000854805,-1.25535,-2.47257,0.0240955,0.00128221,0.94484,-0.978859,0.960904,-0.978004
49.1018,-0.0160637,-0.000854805,-1.27142,-2.47343,0.0240955,0.00128221,0.94484,-0.978859,0.960904,-0.978004
49.1218,-0.0160637,-0.000854805,-1.28748,-2.47428,0.0240955,0.00128221,0.94484,-0.978859,0.960904,-0.978004
49.1418,-0.0160637,-0.000854805,-1.30354,-2.47514,0.0240955,0.00128221,0.94484,-0.978859,0.960904,-0.978004
49.1618,-0.0160637,-0.000854805,-1.31961,-2.47599,0.0240955,0.00128221,0.94484,-0.978859,0.960904,-0.978004
49.1818,-0.0160637,-0.000854805,-1.33567,-2.47685,0.0240955,0.00128221,0.94484,-0.978859,0.960904,-0.978004
49.2018,-0.0160637,-0.000854805,-1.35174,-2.4777,0.0240955,0.00128221,0.94484,-0.978859,0.960904,-0.978004
49.2218,-0.0160637,-0.000854805,-1.3678,-2.47856,0.0240955,0.00128221,0.94484,-0.978859,0.960904,-0.978004
49.2418,-0.0160637,-0.000854805,-1.38386,-2.47941,0.0240955,0.00128221,0.94484,-0.978859,0.960904,-0.978004
49.2618,-0.0160637,-0.000854805,-1.39993,-2.48027,0.0240955,0.00128221,0.94484,-0.978859,0.960904,-0.978004
49.2818,-0.0160637,-0.000854805,-1.41599,-2.48112,0.0240955,0.00128221,0.94484,-0.978859,0.960904,-0.978004
49.3018,-0.0160637,-0.000854805,-1.43205,-2.48198,0.0240955,0.00128221,0.94484,-0.978859,0.960904,-0.978004
49.3218,-0.0160637,-0.000854805,-1.44812,-2.48283,0.0240955,0.00128221,0.94484,-0.978859,0.960904,-0.978004
49.3418,-0.0160637,-0.000854805,-1.46418,-2.48368,0.0240955,0.00128221,0.94484,-0.978859,0.960904,-0.978004
49.3618,-0.0160637,-0.000854805,-1.48025,-2.48454,0.0240955,0.00128221,0.94484,-0.978859,0.960904,-0.978004
49.3818,-0.0160637,-0.000854805,-1.49631,-2.48539,0.0240955,0.00128221,0.94484,-0.978859,0.960904,-0.978004
49.4018,-0.0160637,-0.000854805,-1.51237,-2.48625,0.0240955,0.00128221,0.94484,-0.978859,0.960904,-0.978004
49.4218,-0.0160637,-0.000854805,-1.52844,-2.4871,0.0240955,0.00128221,0.94484,-0.978859,0.960904,-0.978004
49.4419,-0.0160637,-0.000854805,-1.5445,-2.48796,0.0240955,0.00128221,0.94484,-0.978859,0.960904,-0.978004
49.4618,-0.0160637,-0.000854805,-1.56056,-2.48881,0.0240955,0.00128221,0.94484,-0.978859,0.960904,-0.978004
49.4819,-0.0160637,-0.000854805,-1.57663,-2.48967,0.0240955,0.00128221,0.94484,-0.978859,0.960904,-0.978004
49.5018,-0.0160637,-0.000854805,-1.59269,-2.49052,0.0240955,0.00128221,0.94484,-0.978859,0.960904,-0.978004
49.5218,-0.0160637,-0.000854805,-1.60875,-2.49138,0.0240955,0.00128221,0.94484,-0.978859,0.960904,-0.978004
49.5419,-0.0160637,-0.000854805,-1.62482,-2.49223,0.0240955,0.00128221,0.94484,-0.978859,0.960904,-0.978004
49.5618,-0.0160637,-0.000854805,-1.64088,-2.49309,0.0240955,0.00128221,0.94484,-0.978859,0.960904,-0.978004
49.5818,-0.0160637,-0.000854805,-1.65695,-2.49394,0.0240955,0.00128221,0.94484,-0.978859,0.960904,-0.978004
49.6018,-0.0160637,-0.000854805,-1.67301,-2.4948,0.0240955,0.00128221,0.94484,-0.978859,0.960904,-0.978004
49.6218,-0.0160637,-0.000854805,-1.68907,-2.49565,0.0240955,0.00128221,0.94484,-0.978859,0.960904,-0.978004
49.6418,-0.0160637,-0.000854805,-1.70514,-2.49651,0.0240955,0.00128221,0.94484,-0.978859,0.960904,-0.978004
49.6618,-0.0160637,-0.000854805,-1.7212,-2.49736,0.0240955,0.00128221,0.94484,-0.978859,0.960904,-0.978004
49.6818,-0.0160637,-0.000854805,-1.73726,-2.49821,0.0240955,0.00128221,0.94484,-0.978859,0.960904,-0.978004
49.7018,-0.0160637,-0.000854805,-1.75333,-2.49907,0.0240955,0.00128221,0.94484,-0.978859,0.960904,-0.978004
49.7219,-0.0160637,-0.000854805,-1.76939,-2.49992,0.0240955,0.00128221,0.94484,-0.978859,0.960904,-0.978004
49.7419,-0.0160637,-0.000854805,-1.78546,-2.50078,0.0240955,0.00128221,0.94484,-0.978859,0.960904,-0.978004
49.7619,-0.0160637,-0.000854805,-1.80152,-2.50163,0.0240955,0.00128221,0.94484,-0.978859,0.960904,-0.978004
49.7818,-0.0160637,-0.000854805,-1.81758,-2.50249,0.0240955,0.00128221,0.94484,-0.978859,0.960904,-0.978004
49.8019,-0.0160637,-0.000854805,-1.83365,-2.50334,0.0240955,0.00128221,0.94484,-0.978859,0.960904,-0.978004
49.8219,-0.0160637,-0.000854805,-1.84971,-2.5042,0.0240955,0.00128221,0.94484,-0.978859,0.960904,-0.978004
49.8418,-0.0160637,-0.000854805,-1.86577,-2.50505,0.0240955,0.00128221,0.94484,-0.978859,0.960904,-0.978004
49.8619,-0.0160637,-0.000854805,-1.88184,-2.50591,0.0240955,0.00128221,0.94484,-0.978859,0.960904,-0.978004
49.8818,-0.0160637,-0.000854805,-1.8979,-2.50676,0.0240955,0.00128221,0.94484,-0.978859,0.960904,-0.978004
49.9018,-0.0160637,-0.000854805,-1.91396,-2.50762,0.0240955,0.00128221,0.94484,-0.978859,0.960904,-0.978004
49.9219,-0.0160637,-0.000854805,-1.93003,-2.50847,0.0240955,0.00128221,0.94484,-0.978859,0.960904,-0.978004
49.9419,-0.0160637,-0.000854805,-1.94609,-2.50933,0.0240955,0.00128221,0.94484,-0.978859,0.960904,-0.978004
49.9619,-0.0160637,-0.000854805,-1.96216,-2.51018,0.0240955,0.00128221,0.94484,-0.978859,0.960904,-0.978004
49.9818,-0.0160637,-0.000854805,-1.97822,-2.51104,0.0240955,0.00128221,0.94484,-0.978859,0.960904,-0.978004
50.0018,-0.0160637,-0.000854805,-1.99428,-2.51189,0.0240955,0.00128221,0.94484,-0.978859,0.960904,-0.978004
50.0219,-0.0160637,-0.000854805,-2.01035,-2.51275,0.0240955,0.00128221,0.94484,-0.978859,0.960904,-0.978004
50.0419,-0.0160637,-0.000854805,-2.02641,-2.5136,0.0240955,0.00128221,0.94484,-0.978859,0.960904,-0.978004
50.0618,-0.0160637,-0.000854805,-2.04247,-2.51445,0.0240955,0.00128221,0.94484,-0.978859,0.960904,-0.978004
50.0818,-0.0160637,-0.000854805,-2.05854,-2.51531,0.0240955,0.00128221,0.94484,-0.978859,0.960904,-0.978004
50.1019,-0.0160637,-0.000854805,-2.0746,-2.51616,0.0240955,0.00128221,0.94484,-0.978859,0.960904,-0.978004
50.1219,-0.0160637,-0.000854805,-2.09067,-2.51702,0.0240955,0.00128221,0.94484,-0.978859,0.960904,-0.978004
50.1419,-0.0160637,-0.000854805,-2.10673,-2.51787,0.0240955,0.00128221,0.94484,-0.978859,0.960904,-0.978004
50.1619,-0.0160637,-0.000854805,-2.12279,-2.51873,0.0240955,0.00128221,0.94484,-0.978859,0.960904,-0.978004
50.1818,-0.0160637,-0.000854805,-2.13886,-2.51958,0.0240955,0.00128221,0.94484,-0.978859,0.960904,-0.978004
50.2019,-0.0160637,-0.000854805,-2.15492,-2.52044,0.0240955,0.00128221,0.94484,-0.978859,0.960904,-0.978004
50.2219,-0.0160637,-0.000854805,-2.17098,-2.52129,0.0240955,0.00128221,0.94484,-0.978859,0.960904,-0.978004
50.2419,-0.0160637,-0.000854805,-2.18705,-2.52215,0.0240955,0.00128221,0.94484,-0.978859,0.960904,-0.978004
50.2619,-0.0160637,-0.000854805,-2.20311,-2.523,0.0240955,0.00128221,0.94484,-0.978859,0.960904,-0.978004
50.2819,-0.0160637,-0.000854805,-2.21917,-2.52386,0.0240955,0.00128221,0.94484,-0.978859,0.960904,-0.978004
50.3019,-0.0160637,-0.000854805,-2.23524,-2.52471,0.0240955,0.00128221,0.94484,-0.978859,0.960904,-0.978004
50.3219,-0.0160637,-0.000854805,-2.2513,-2.52557,0.0240955,0.00128221,0.94484,-0.978859,0.960904,-0.978004
50.3419,-0.0160637,-0.000854805,-2.26737,-2.52642,0.0240955,0.00128221,0.94484,-0.978859,0.960904,-0.978004
50.3619,-0.0160637,-0.000854805,-2.28343,-2.52728,0.0240955,0.00128221,0.94484,-0.978859,0.960904,-0.978004
50.3819,-0.0160637,-0.000854805,-2.29949,-2.52813,0.0240955,0.00128221,0.94484,-0.978859,0.960904,-0.978004
50.4019,-0.0160637,-0.000854805,-2.31556,-2.52899,0.0240955,0.00128221,0.94484,-0.978859,0.960904,-0.978004
50.4219,-0.0160637,-0.000854805,-2.33162,-2.52984,0.0240955,0.00128221,0.94484,-0.978859,0.960904,-0.978004
50.4419,-0.0160637,-0.000854805,-2.34768,-2.53069,0.0240955,0.00128221,0.94484,-0.978859,0.960904,-0.978004
50.4619,-0.0160637,-0.000854805,-2.36375